class,label,source,target,conversion_factors,nominal_value,min,max,summed_max,actual_value,fixed_costs,variable_costs,fixed,nominal_capacity,capacity_loss,inflow_conversion_factor,outflow_conversion_factor,initial_capacity,capacity_min,capacity_max,balanced
### znes_2050_dpr,,,,,,,,,,,,,,,,,,,,
### transshipment based on e-highway 2050,,,,,,,,,,,,,,,,,,,,
"### Offshore, Onshore, Solar, Biomass, ror, pumped storage DE based on e-highway",,,,,,,,,,,,,,,,,,,,
### further storage based on Cebulla,,,,,,,,,,,,,,,,,,,,
### Onshore in Germany limited by maximum burden level of 0.7: total installed capacity 54142.941 MW,,,,,,,,,,,,,,,,,,,,
### Missing onshore production of 103 Twh replaced with 25.9543646399 GW extra offshore capacity,,,,,,,,,,,,,,,,,,,,
,,,,,,,,,,,,,,,,,,,,
### GLOBAL RESOURCES,,,,,,,,,,,,,,,,,,,,
Source,GL_resource_uranium,GL_resource_uranium,GL_bus_uranium,,,,,,,,5.961744,,,,,,,,,
Source,GL_resource_lignite,GL_resource_lignite,GL_bus_lignite,,,,,,,,27.5949,,,,,,,,,
Source,GL_resource_hard_coal,GL_resource_hard_coal,GL_bus_hard_coal,,,,,,,,45.86634,,,,,,,,,
Source,GL_resource_gas,GL_resource_gas,GL_bus_gas,,,,,,,,54.05328,,,,,,,,,
Source,GL_resource_oil,GL_resource_oil,GL_bus_oil,,,,,,,,86.86674,,,,,,,,,
Source,GL_resource_mixed_fuels,GL_resource_mixed_fuels,GL_bus_mixed_fuels,,,,,,,,27.24696,,,,,,,,,
Source,GL_resource_biomass,GL_resource_biomass,GL_bus_biomass,,,,,,,,27.73476,,,,,,,,,
,,,,,,,,,,,,,,,,,,,,
,,,,,,,,,,,,,,,,,,,,
,,,,,,,,,,,,,,,,,,,,
### thermal,,,,,,,,,,,,,,,,,,,,
### AT,,,,,,,,,,,,,,,,,,,,
Sink,AT_excess,AT_bus_el,AT_excess,,,,,,,,0.00000001,,,,,,,,,
Source,AT_shortage,AT_shortage,AT_bus_el,,,,,,,,1000,,,,,,,,,
LinearTransformer,AT_pp_gas,AT_pp_gas,AT_bus_el,0.425,1500,,,,,24000,0.5,,,,,,,,,
LinearTransformer,AT_pp_gas,GL_bus_gas,AT_pp_gas,,,,,,,,,,,,,,,,,
LinearTransformer,AT_pp_biomass,AT_pp_biomass,AT_bus_el,0.38,3500,,,3406,,29000,3.9,,,,,,,,,
LinearTransformer,AT_pp_biomass,GL_bus_biomass,AT_pp_biomass,,,,,,,,,,,,,,,,,
Source,AT_run_of_river,AT_run_of_river,AT_bus_el,,7401,,,,0.65,,,TRUE,,,,,,,,
Source,AT_hydro,AT_hydro,AT_bus_el,,5676,,,2007,,,,,,,,,,,,
Source,AT_solar,AT_solar,AT_bus_el,,12090,,,,seq,,,TRUE,,,,,,,,
Source,AT_wind_onshore,AT_wind_onshore,AT_bus_el,,6880,,,,seq,,,TRUE,,,,,,,,
Source,AT_geothermal,AT_geothermal,AT_bus_el,,1,,,,0.95,,,TRUE,,,,,,,,
Storage,AT_storage_a_caes,AT_storage_a_caes,AT_bus_el,,23.63,,,,,,0,,,,,,,,,
Storage,AT_storage_a_caes,AT_bus_el,AT_storage_a_caes,,23.63,,,,,,0,,70.89,0,0.837,0.837,0.5,0,1,
Storage,AT_storage_hydrogen,AT_storage_hydrogen,AT_bus_el,,9.45,,,,,,0,,,,,,,,,
Storage,AT_storage_hydrogen,AT_bus_el,AT_storage_hydrogen,,9.45,,,,,,0,,94.51,0,0.632,0.632,0.5,0,1,
Storage,AT_storage_lithium_ion,AT_storage_lithium_ion,AT_bus_el,,240.99,,,,,,0,,,,,,,,,
Storage,AT_storage_lithium_ion,AT_bus_el,AT_storage_lithium_ion,,240.99,,,,,,0,,1204.95,0,0.975,0.975,0.5,0,1,
Storage,AT_storage_pumped_hydro,AT_storage_pumped_hydro,AT_bus_el,,10733,,,,,,0,,,,,,,,,
Storage,AT_storage_pumped_hydro,AT_bus_el,AT_storage_pumped_hydro,,10733,,,,,,0,,443000,0,0.894,0.894,0.5,0,1,
Storage,AT_storage_redox_flow,AT_storage_redox_flow,AT_bus_el,,18.9,,,,,,0,,,,,,,,,
Storage,AT_storage_redox_flow,AT_bus_el,AT_storage_redox_flow,,18.9,,,,,,0,,63,0,0.866,0.866,0.5,0,1,
Sink,AT_load,AT_bus_el,AT_load,,14954,,,,seq,,,TRUE,,,,,,,,
,,,,,,,,,,,,,,,,,,,,
### BE,,,,,,,,,,,,,,,,,,,,
Sink,BE_excess,BE_bus_el,BE_excess,,,,,,,,0.00000001,,,,,,,,,
Source,BE_shortage,BE_shortage,BE_bus_el,,,,,,,,1000,,,,,,,,,
LinearTransformer,BE_pp_gas,BE_pp_gas,BE_bus_el,0.425,2500,,,,,24000,0.5,,,,,,,,,
LinearTransformer,BE_pp_gas,GL_bus_gas,BE_pp_gas,,,,,,,,,,,,,,,,,
LinearTransformer,BE_pp_biomass,BE_pp_biomass,BE_bus_el,0.38,4750,,,2041,,29000,3.9,,,,,,,,,
LinearTransformer,BE_pp_biomass,GL_bus_biomass,BE_pp_biomass,,,,,,,,,,,,,,,,,
Source,BE_run_of_river,BE_run_of_river,BE_bus_el,,332,,,,0.65,,,TRUE,,,,,,,,
Source,BE_solar,BE_solar,BE_bus_el,,24087,,,,seq,,,TRUE,,,,,,,,
Source,BE_wind_onshore,BE_wind_onshore,BE_bus_el,,10903,,,,seq,,,TRUE,,,,,,,,
Source,BE_wind_offshore,BE_wind_offshore,BE_bus_el,,3000,,,,seq,,,TRUE,,,,,,,,
Storage,BE_storage_a_caes,BE_storage_a_caes,BE_bus_el,,404.05,,,,,,0,,,,,,,,,
Storage,BE_storage_a_caes,BE_bus_el,BE_storage_a_caes,,404.05,,,,,,0,,1212.15,0,0.837,0.837,0.5,0,1,
Storage,BE_storage_hydrogen,BE_storage_hydrogen,BE_bus_el,,1807.41,,,,,,0,,,,,,,,,
Storage,BE_storage_hydrogen,BE_bus_el,BE_storage_hydrogen,,1807.41,,,,,,0,,18074.05,0,0.632,0.632,0.5,0,1,
Storage,BE_storage_lithium_ion,BE_storage_lithium_ion,BE_bus_el,,317.47,,,,,,0,,,,,,,,,
Storage,BE_storage_lithium_ion,BE_bus_el,BE_storage_lithium_ion,,317.47,,,,,,0,,1587.34,0,0.975,0.975,0.5,0,1,
Storage,BE_storage_pumped_hydro,BE_storage_pumped_hydro,BE_bus_el,,2308,,,,,,0,,,,,,,,,
Storage,BE_storage_pumped_hydro,BE_bus_el,BE_storage_pumped_hydro,,2308,,,,,,0,,12000,0,0.894,0.894,0.5,0,1,
Storage,BE_storage_redox_flow,BE_storage_redox_flow,BE_bus_el,,10.82,,,,,,0,,,,,,,,,
Storage,BE_storage_redox_flow,BE_bus_el,BE_storage_redox_flow,,10.82,,,,,,0,,36.08,0,0.866,0.866,0.5,0,1,
Sink,BE_load,BE_bus_el,BE_load,,21753,,,,seq,,,TRUE,,,,,,,,
,,,,,,,,,,,,,,,,,,,,
### CH,,,,,,,,,,,,,,,,,,,,
Sink,CH_excess,CH_bus_el,CH_excess,,,,,,,,0.00000001,,,,,,,,,
Source,CH_shortage,CH_shortage,CH_bus_el,,,,,,,,1000,,,,,,,,,
LinearTransformer,CH_pp_gas,CH_pp_gas,CH_bus_el,0.425,2000,,,,,24000,0.5,,,,,,,,,
LinearTransformer,CH_pp_gas,GL_bus_gas,CH_pp_gas,,,,,,,,,,,,,,,,,
LinearTransformer,CH_pp_biomass,CH_pp_biomass,CH_bus_el,0.38,1250,,,3153,,29000,3.9,,,,,,,,,
LinearTransformer,CH_pp_biomass,GL_bus_biomass,CH_pp_biomass,,,,,,,,,,,,,,,,,
Source,CH_run_of_river,CH_run_of_river,CH_bus_el,,4123,,,,0.65,,,TRUE,,,,,,,,
Source,CH_hydro,CH_hydro,CH_bus_el,,8130,,,2596,,,,,,,,,,,,
Source,CH_solar,CH_solar,CH_bus_el,,15000,,,,seq,,,TRUE,,,,,,,,
Source,CH_wind_onshore,CH_wind_onshore,CH_bus_el,,1382,,,,seq,,,TRUE,,,,,,,,
Storage,CH_storage_a_caes,CH_storage_a_caes,CH_bus_el,,26.37,,,,,,0,,,,,,,,,
Storage,CH_storage_a_caes,CH_bus_el,CH_storage_a_caes,,26.37,,,,,,0,,79.11,0,0.837,0.837,0.5,0,1,
Storage,CH_storage_hydrogen,CH_storage_hydrogen,CH_bus_el,,10.55,,,,,,0,,,,,,,,,
Storage,CH_storage_hydrogen,CH_bus_el,CH_storage_hydrogen,,10.55,,,,,,0,,105.49,0,0.632,0.632,0.5,0,1,
Storage,CH_storage_lithium_ion,CH_storage_lithium_ion,CH_bus_el,,269.01,,,,,,0,,,,,,,,,
Storage,CH_storage_lithium_ion,CH_bus_el,CH_storage_lithium_ion,,269.01,,,,,,0,,1345.05,0,0.975,0.975,0.5,0,1,
Storage,CH_storage_pumped_hydro,CH_storage_pumped_hydro,CH_bus_el,,5443,,,,,,0,,,,,,,,,
Storage,CH_storage_pumped_hydro,CH_bus_el,CH_storage_pumped_hydro,,5443,,,,,,0,,1656000,0,0.894,0.894,0.5,0,1,
Storage,CH_storage_redox_flow,CH_storage_redox_flow,CH_bus_el,,21.1,,,,,,0,,,,,,,,,
Storage,CH_storage_redox_flow,CH_bus_el,CH_storage_redox_flow,,21.1,,,,,,0,,70.33,0,0.866,0.866,0.5,0,1,
Sink,CH_load,CH_bus_el,CH_load,,14034,,,,seq,,,TRUE,,,,,,,,
,,,,,,,,,,,,,,,,,,,,
### CZ,,,,,,,,,,,,,,,,,,,,
Sink,CZ_excess,CZ_bus_el,CZ_excess,,,,,,,,0.00000001,,,,,,,,,
Source,CZ_shortage,CZ_shortage,CZ_bus_el,,,,,,,,1000,,,,,,,,,
LinearTransformer,CZ_pp_gas,CZ_pp_gas,CZ_bus_el,0.425,1750,,,,,24000,0.5,,,,,,,,,
LinearTransformer,CZ_pp_gas,GL_bus_gas,CZ_pp_gas,,,,,,,,,,,,,,,,,
LinearTransformer,CZ_pp_biomass,CZ_pp_biomass,CZ_bus_el,0.38,5000,,,3004,,29000,3.9,,,,,,,,,
LinearTransformer,CZ_pp_biomass,GL_bus_biomass,CZ_pp_biomass,,,,,,,,,,,,,,,,,
Source,CZ_run_of_river,CZ_run_of_river,CZ_bus_el,,455,,,,0.65,,,TRUE,,,,,,,,
Source,CZ_hydro,CZ_hydro,CZ_bus_el,,819,,,1603,,,,,,,,,,,,
Source,CZ_solar,CZ_solar,CZ_bus_el,,13048,,,,seq,,,TRUE,,,,,,,,
Source,CZ_wind_onshore,CZ_wind_onshore,CZ_bus_el,,10234,,,,seq,,,TRUE,,,,,,,,
Storage,CZ_storage_a_caes,CZ_storage_a_caes,CZ_bus_el,,935.97,,,,,,0,,,,,,,,,
Storage,CZ_storage_a_caes,CZ_bus_el,CZ_storage_a_caes,,935.97,,,,,,0,,2807.91,0,0.837,0.837,0.5,0,1,
Storage,CZ_storage_hydrogen,CZ_storage_hydrogen,CZ_bus_el,,168.9,,,,,,0,,,,,,,,,
Storage,CZ_storage_hydrogen,CZ_bus_el,CZ_storage_hydrogen,,168.9,,,,,,0,,1688.97,0,0.632,0.632,0.5,0,1,
Storage,CZ_storage_lithium_ion,CZ_storage_lithium_ion,CZ_bus_el,,2452.53,,,,,,0,,,,,,,,,
Storage,CZ_storage_lithium_ion,CZ_bus_el,CZ_storage_lithium_ion,,2452.53,,,,,,0,,12262.64,0,0.975,0.975,0.5,0,1,
Storage,CZ_storage_pumped_hydro,CZ_storage_pumped_hydro,CZ_bus_el,,1787,,,,,,0,,,,,,,,,
Storage,CZ_storage_pumped_hydro,CZ_bus_el,CZ_storage_pumped_hydro,,1787,,,,,,0,,39000,0,0.894,0.894,0.5,0,1,
Storage,CZ_storage_redox_flow,CZ_storage_redox_flow,CZ_bus_el,,21.11,,,,,,0,,,,,,,,,
Storage,CZ_storage_redox_flow,CZ_bus_el,CZ_storage_redox_flow,,21.11,,,,,,0,,70.37,0,0.866,0.866,0.5,0,1,
Sink,CZ_load,CZ_bus_el,CZ_load,,12637,,,,seq,,,TRUE,,,,,,,,
,,,,,,,,,,,,,,,,,,,,
### DE,,,,,,,,,,,,,,,,,,,,
### DEdr01,,,,,,,,,,,,,,,,,,,,
Sink,DEdr01_excess,DEdr01_bus_el,DEdr01_excess,,0.00000001,,,,,,0.00000001,,,,,,,,,
Source,DEdr01_shortage,DEdr01_shortage,DEdr01_bus_el,,,,,,,,1000,,,,,,,,,
LinearTransformer,DEdr01_pp_biomass,DEdr01_pp_biomass,DEdr01_bus_el,0.38,3986.8970381326,,,2514,,29000,3.9,,,,,,,,,
LinearTransformer,DEdr01_pp_biomass,GL_bus_biomass,DEdr01_pp_biomass,,,,,,,,,,,,,,,,,
Source,DEdr01_run_of_river,DEdr01_run_of_river,DEdr01_bus_el,,8.06,,,,0.65,,,TRUE,,,,,,,,
Source,DEdr01_solar,DEdr01_solar,DEdr01_bus_el,,9641.913,,,,seq,,,TRUE,,,,,,,,
Source,DEdr01_wind_onshore,DEdr01_wind_onshore,DEdr01_bus_el,,13774.623,,,,seq,,,TRUE,,,,,,,,
Storage,DEdr01_storage_a_caes,DEdr01_storage_a_caes,DEdr01_bus_el,,492.16,,,,,,0,,,,,,,,,
Storage,DEdr01_storage_a_caes,DEdr01_bus_el,DEdr01_storage_a_caes,,492.16,,,,,,0,,1476.48,0,0.837,0.837,0.5,0,1,
Storage,DEdr01_storage_hydrogen,DEdr01_storage_hydrogen,DEdr01_bus_el,,1598.33,,,,,,0,,,,,,,,,
Storage,DEdr01_storage_hydrogen,DEdr01_bus_el,DEdr01_storage_hydrogen,,1598.33,,,,,,0,,15983.29,0,0.632,0.632,0.5,0,1,
Storage,DEdr01_storage_lithium_ion,DEdr01_storage_lithium_ion,DEdr01_bus_el,,2476.62,,,,,,0,,,,,,,,,
Storage,DEdr01_storage_lithium_ion,DEdr01_bus_el,DEdr01_storage_lithium_ion,,2476.62,,,,,,0,,12383.09,0,0.975,0.975,0.5,0,1,
Storage,DEdr01_storage_redox_flow,DEdr01_storage_redox_flow,DEdr01_bus_el,,147.17,,,,,,0,,,,,,,,,
Storage,DEdr01_storage_redox_flow,DEdr01_bus_el,DEdr01_storage_redox_flow,,147.17,,,,,,0,,490.58,0,0.866,0.866,0.5,0,1,
Sink,DEdr01_load,DEdr01_bus_el,DEdr01_load,,3535.5197030044,,,,seq,,,TRUE,,,,,,,,
,,,,,,,,,,,,,,,,,,,,
,,,,,,,,,,,,,,,,,,,,
### DEdr02,,,,,,,,,,,,,,,,,,,,
Sink,DEdr02_excess,DEdr02_bus_el,DEdr02_excess,,,,,,,,0.00000001,,,,,,,,,
Source,DEdr02_shortage,DEdr02_shortage,DEdr02_bus_el,,,,,,,,1000,,,,,,,,,
LinearTransformer,DEdr02_pp_biomass,DEdr02_pp_biomass,DEdr02_bus_el,0.38,122.6132948149,,,2514,,29000,3.9,,,,,,,,,
LinearTransformer,DEdr02_pp_biomass,GL_bus_biomass,DEdr02_pp_biomass,,,,,,,,,,,,,,,,,
Source,DEdr02_run_of_river,DEdr02_run_of_river,DEdr02_bus_el,,0.1335023078,,,,0.65,,,TRUE,,,,,,,,
Source,DEdr02_solar,DEdr02_solar,DEdr02_bus_el,,61.5828,,,,seq,,,TRUE,,,,,,,,
Source,DEdr02_wind_onshore,DEdr02_wind_onshore,DEdr02_bus_el,,4.858,,,,seq,,,TRUE,,,,,,,,
Storage,DEdr02_storage_a_caes,DEdr02_storage_a_caes,DEdr02_bus_el,,2.95,,,,,,0,,,,,,,,,
Storage,DEdr02_storage_a_caes,DEdr02_bus_el,DEdr02_storage_a_caes,,2.95,,,,,,0,,8.85,0,0.837,0.837,0.5,0,1,
Storage,DEdr02_storage_hydrogen,DEdr02_storage_hydrogen,DEdr02_bus_el,,9.57,,,,,,0,,,,,,,,,
Storage,DEdr02_storage_hydrogen,DEdr02_bus_el,DEdr02_storage_hydrogen,,9.57,,,,,,0,,95.68,0,0.632,0.632,0.5,0,1,
Storage,DEdr02_storage_lithium_ion,DEdr02_storage_lithium_ion,DEdr02_bus_el,,14.83,,,,,,0,,,,,,,,,
Storage,DEdr02_storage_lithium_ion,DEdr02_bus_el,DEdr02_storage_lithium_ion,,14.83,,,,,,0,,74.13,0,0.975,0.975,0.5,0,1,
Storage,DEdr02_storage_redox_flow,DEdr02_storage_redox_flow,DEdr02_bus_el,,0.88,,,,,,0,,,,,,,,,
Storage,DEdr02_storage_redox_flow,DEdr02_bus_el,DEdr02_storage_redox_flow,,0.88,,,,,,0,,2.94,0,0.866,0.866,0.5,0,1,
Sink,DEdr02_load,DEdr02_bus_el,DEdr02_load,,1552.1793818068,,,,seq,,,TRUE,,,,,,,,
,,,,,,,,,,,,,,,,,,,,
### DEdr03,,,,,,,,,,,,,,,,,,,,
Sink,DEdr03_excess,DEdr03_bus_el,DEdr03_excess,,,,,,,,0.00000001,,,,,,,,,
Source,DEdr03_shortage,DEdr03_shortage,DEdr03_bus_el,,,,,,,,1000,,,,,,,,,
LinearTransformer,DEdr03_pp_biomass,DEdr03_pp_biomass,DEdr03_bus_el,0.38,1364.1397400761,,,2514,,29000,3.9,,,,,,,,,
LinearTransformer,DEdr03_pp_biomass,GL_bus_biomass,DEdr03_pp_biomass,,,,,,,,,,,,,,,,,
Source,DEdr03_run_of_river,DEdr03_run_of_river,DEdr03_bus_el,,70.0301008089,,,,0.65,,,TRUE,,,,,,,,
Source,DEdr03_solar,DEdr03_solar,DEdr03_bus_el,,5405.75804,,,,seq,,,TRUE,,,,,,,,
Source,DEdr03_wind_onshore,DEdr03_wind_onshore,DEdr03_bus_el,,3643.726,,,,seq,,,TRUE,,,,,,,,
Storage,DEdr03_storage_a_caes,DEdr03_storage_a_caes,DEdr03_bus_el,,223.88,,,,,,0,,,,,,,,,
Storage,DEdr03_storage_a_caes,DEdr03_bus_el,DEdr03_storage_a_caes,,223.88,,,,,,0,,671.64,0,0.837,0.837,0.5,0,1,
Storage,DEdr03_storage_hydrogen,DEdr03_storage_hydrogen,DEdr03_bus_el,,727.06,,,,,,0,,,,,,,,,
Storage,DEdr03_storage_hydrogen,DEdr03_bus_el,DEdr03_storage_hydrogen,,727.06,,,,,,0,,7270.56,0,0.632,0.632,0.5,0,1,
Storage,DEdr03_storage_lithium_ion,DEdr03_storage_lithium_ion,DEdr03_bus_el,,1126.58,,,,,,0,,,,,,,,,
Storage,DEdr03_storage_lithium_ion,DEdr03_bus_el,DEdr03_storage_lithium_ion,,1126.58,,,,,,0,,5632.89,0,0.975,0.975,0.5,0,1,
Storage,DEdr03_storage_pumped_hydro,DEdr03_storage_pumped_hydro,DEdr03_bus_el,,3482.3886477597,,,,,,0,,,,,,,,,
Storage,DEdr03_storage_pumped_hydro,DEdr03_bus_el,DEdr03_storage_pumped_hydro,,3482.3886477597,,,,,,0,,34820,0,0.894,0.894,0.5,0,1,
Storage,DEdr03_storage_redox_flow,DEdr03_storage_redox_flow,DEdr03_bus_el,,66.95,,,,,,0,,,,,,,,,
Storage,DEdr03_storage_redox_flow,DEdr03_bus_el,DEdr03_storage_redox_flow,,66.95,,,,,,0,,223.16,0,0.866,0.866,0.5,0,1,
Sink,DEdr03_load,DEdr03_bus_el,DEdr03_load,,4311.6093939078,,,,seq,,,TRUE,,,,,,,,
,,,,,,,,,,,,,,,,,,,,
### DEdr04,,,,,,,,,,,,,,,,,,,,
Sink,DEdr04_excess,DEdr04_bus_el,DEdr04_excess,,,,,,,,0.00000001,,,,,,,,,
Source,DEdr04_shortage,DEdr04_shortage,DEdr04_bus_el,,,,,,,,1000,,,,,,,,,
LinearTransformer,DEdr04_pp_biomass,DEdr04_pp_biomass,DEdr04_bus_el,0.38,1572.2192921285,,,2514,,29000,3.9,,,,,,,,,
LinearTransformer,DEdr04_pp_biomass,GL_bus_biomass,DEdr04_pp_biomass,,,,,,,,,,,,,,,,,
Source,DEdr04_run_of_river,DEdr04_run_of_river,DEdr04_bus_el,,164.6229981703,,,,0.65,,,TRUE,,,,,,,,
Source,DEdr04_solar,DEdr04_solar,DEdr04_bus_el,,6742.03034,,,,seq,,,TRUE,,,,,,,,
Source,DEdr04_wind_onshore,DEdr04_wind_onshore,DEdr04_bus_el,,3632.702,,,,seq,,,TRUE,,,,,,,,
Storage,DEdr04_storage_a_caes,DEdr04_storage_a_caes,DEdr04_bus_el,,204.85,,,,,,0,,,,,,,,,
Storage,DEdr04_storage_a_caes,DEdr04_bus_el,DEdr04_storage_a_caes,,204.85,,,,,,0,,614.55,0,0.837,0.837,0.5,0,1,
Storage,DEdr04_storage_hydrogen,DEdr04_storage_hydrogen,DEdr04_bus_el,,665.28,,,,,,0,,,,,,,,,
Storage,DEdr04_storage_hydrogen,DEdr04_bus_el,DEdr04_storage_hydrogen,,665.28,,,,,,0,,6652.76,0,0.632,0.632,0.5,0,1,
Storage,DEdr04_storage_lithium_ion,DEdr04_storage_lithium_ion,DEdr04_bus_el,,1030.85,,,,,,0,,,,,,,,,
Storage,DEdr04_storage_lithium_ion,DEdr04_bus_el,DEdr04_storage_lithium_ion,,1030.85,,,,,,0,,10300,0,0.975,0.975,0.5,0,1,
Storage,DEdr04_storage_pumped_hydro,DEdr04_storage_pumped_hydro,DEdr04_bus_el,,2377.692834195,,,,,,0,,,,,,,,,
Storage,DEdr04_storage_pumped_hydro,DEdr04_bus_el,DEdr04_storage_pumped_hydro,,2377.692834195,,,,,,0,,23770,0,0.894,0.894,0.5,0,1,
Storage,DEdr04_storage_redox_flow,DEdr04_storage_redox_flow,DEdr04_bus_el,,61.26,,,,,,0,,,,,,,,,
Storage,DEdr04_storage_redox_flow,DEdr04_bus_el,DEdr04_storage_redox_flow,,61.26,,,,,,0,,204.19,0,0.866,0.866,0.5,0,1,
Sink,DEdr04_load,DEdr04_bus_el,DEdr04_load,,4484.0737696641,,,,seq,,,TRUE,,,,,,,,
,,,,,,,,,,,,,,,,,,,,
### DEdr05,,,,,,,,,,,,,,,,,,,,
Sink,DEdr05_excess,DEdr05_bus_el,DEdr05_excess,,,,,,,,0.00000001,,,,,,,,,
Source,DEdr05_shortage,DEdr05_shortage,DEdr05_bus_el,,,,,,,,1000,,,,,,,,,
LinearTransformer,DEdr05_pp_biomass,DEdr05_pp_biomass,DEdr05_bus_el,0.38,1251.5223267655,,,2514,,29000,3.9,,,,,,,,,
LinearTransformer,DEdr05_pp_biomass,GL_bus_biomass,DEdr05_pp_biomass,,,,,,,,,,,,,,,,,
Source,DEdr05_run_of_river,DEdr05_run_of_river,DEdr05_bus_el,,0.9703338467,,,,0.65,,,TRUE,,,,,,,,
Source,DEdr05_solar,DEdr05_solar,DEdr05_bus_el,,3045.4505,,,,seq,,,TRUE,,,,,,,,
Source,DEdr05_wind_onshore,DEdr05_wind_onshore,DEdr05_bus_el,,685.864,,,,seq,,,TRUE,,,,,,,,
Storage,DEdr05_storage_a_caes,DEdr05_storage_a_caes,DEdr05_bus_el,,105.85,,,,,,0,,,,,,,,,
Storage,DEdr05_storage_a_caes,DEdr05_bus_el,DEdr05_storage_a_caes,,105.85,,,,,,0,,317.55,0,0.837,0.837,0.5,0,1,
Storage,DEdr05_storage_hydrogen,DEdr05_storage_hydrogen,DEdr05_bus_el,,343.77,,,,,,0,,,,,,,,,
Storage,DEdr05_storage_hydrogen,DEdr05_bus_el,DEdr05_storage_hydrogen,,343.77,,,,,,0,,3437.68,0,0.632,0.632,0.5,0,1,
Storage,DEdr05_storage_lithium_ion,DEdr05_storage_lithium_ion,DEdr05_bus_el,,532.67,,,,,,0,,,,,,,,,
Storage,DEdr05_storage_lithium_ion,DEdr05_bus_el,DEdr05_storage_lithium_ion,,532.67,,,,,,0,,2663.35,0,0.975,0.975,0.5,0,1,
Storage,DEdr05_storage_redox_flow,DEdr05_storage_redox_flow,DEdr05_bus_el,,31.65,,,,,,0,,,,,,,,,
Storage,DEdr05_storage_redox_flow,DEdr05_bus_el,DEdr05_storage_redox_flow,,31.65,,,,,,0,,105.51,0,0.866,0.866,0.5,0,1,
Sink,DEdr05_load,DEdr05_bus_el,DEdr05_load,,3707.9840787606,,,,seq,,,TRUE,,,,,,,,
,,,,,,,,,,,,,,,,,,,,
### DEdr06,,,,,,,,,,,,,,,,,,,,
Sink,DEdr06_excess,DEdr06_bus_el,DEdr06_excess,,,,,,,,0.00000001,,,,,,,,,
Source,DEdr06_shortage,DEdr06_shortage,DEdr06_bus_el,,,,,,,,1000,,,,,,,,,
LinearTransformer,DEdr06_pp_biomass,DEdr06_pp_biomass,DEdr06_bus_el,0.38,1153.1996388904,,,2514,,29000,3.9,,,,,,,,,
LinearTransformer,DEdr06_pp_biomass,GL_bus_biomass,DEdr06_pp_biomass,,,,,,,,,,,,,,,,,
Source,DEdr06_run_of_river,DEdr06_run_of_river,DEdr06_bus_el,,47.0180475267,,,,0.65,,,TRUE,,,,,,,,
Source,DEdr06_solar,DEdr06_solar,DEdr06_bus_el,,4289.42306,,,,seq,,,TRUE,,,,,,,,
Source,DEdr06_wind_onshore,DEdr06_wind_onshore,DEdr06_bus_el,,449.812,,,,seq,,,TRUE,,,,,,,,
Storage,DEdr06_storage_a_caes,DEdr06_storage_a_caes,DEdr06_bus_el,,111.48,,,,,,0,,,,,,,,,
Storage,DEdr06_storage_a_caes,DEdr06_bus_el,DEdr06_storage_a_caes,,111.48,,,,,,0,,334.44,0,0.837,0.837,0.5,0,1,
Storage,DEdr06_storage_hydrogen,DEdr06_storage_hydrogen,DEdr06_bus_el,,362.03,,,,,,0,,,,,,,,,
Storage,DEdr06_storage_hydrogen,DEdr06_bus_el,DEdr06_storage_hydrogen,,362.03,,,,,,0,,3620.27,0,0.632,0.632,0.5,0,1,
Storage,DEdr06_storage_lithium_ion,DEdr06_storage_lithium_ion,DEdr06_bus_el,,560.96,,,,,,0,,,,,,,,,
Storage,DEdr06_storage_lithium_ion,DEdr06_bus_el,DEdr06_storage_lithium_ion,,560.96,,,,,,0,,5600,0,0.975,0.975,0.5,0,1,
Storage,DEdr06_storage_pumped_hydro,DEdr06_storage_pumped_hydro,DEdr06_bus_el,,335.287560951,,,,,,0,,,,,,,,,
Storage,DEdr06_storage_pumped_hydro,DEdr06_bus_el,DEdr06_storage_pumped_hydro,,335.287560951,,,,,,0,,3350,0,0.894,0.894,0.5,0,1,
Storage,DEdr06_storage_redox_flow,DEdr06_storage_redox_flow,DEdr06_bus_el,,33.34,,,,,,0,,,,,,,,,
Storage,DEdr06_storage_redox_flow,DEdr06_bus_el,DEdr06_storage_redox_flow,,33.34,,,,,,0,,111.12,0,0.866,0.866,0.5,0,1,
Sink,DEdr06_load,DEdr06_bus_el,DEdr06_load,,9140.6119150844,,,,seq,,,TRUE,,,,,,,,
,,,,,,,,,,,,,,,,,,,,
### DEdr07,,,,,,,,,,,,,,,,,,,,
Sink,DEdr07_excess,DEdr07_bus_el,DEdr07_excess,,,,,,,,0.00000001,,,,,,,,,
Source,DEdr07_shortage,DEdr07_shortage,DEdr07_bus_el,,,,,,,,1000,,,,,,,,,
LinearTransformer,DEdr07_pp_biomass,DEdr07_pp_biomass,DEdr07_bus_el,0.38,909.395303596,,,2514,,29000,3.9,,,,,,,,,
LinearTransformer,DEdr07_pp_biomass,GL_bus_biomass,DEdr07_pp_biomass,,,,,,,,,,,,,,,,,
Source,DEdr07_run_of_river,DEdr07_run_of_river,DEdr07_bus_el,,91.4775721673,,,,0.65,,,TRUE,,,,,,,,
Source,DEdr07_solar,DEdr07_solar,DEdr07_bus_el,,2684.12386,,,,seq,,,TRUE,,,,,,,,
Source,DEdr07_wind_onshore,DEdr07_wind_onshore,DEdr07_bus_el,,512.034,,,,seq,,,TRUE,,,,,,,,
Storage,DEdr07_storage_a_caes,DEdr07_storage_a_caes,DEdr07_bus_el,,84.29,,,,,,0,,,,,,,,,
Storage,DEdr07_storage_a_caes,DEdr07_bus_el,DEdr07_storage_a_caes,,84.29,,,,,,0,,252.87,0,0.837,0.837,0.5,0,1,
Storage,DEdr07_storage_hydrogen,DEdr07_storage_hydrogen,DEdr07_bus_el,,273.75,,,,,,0,,,,,,,,,
Storage,DEdr07_storage_hydrogen,DEdr07_bus_el,DEdr07_storage_hydrogen,,273.75,,,,,,0,,2737.52,0,0.632,0.632,0.5,0,1,
Storage,DEdr07_storage_lithium_ion,DEdr07_storage_lithium_ion,DEdr07_bus_el,,424.18,,,,,,0,,,,,,,,,
Storage,DEdr07_storage_lithium_ion,DEdr07_bus_el,DEdr07_storage_lithium_ion,,424.18,,,,,,0,,4240,0,0.975,0.975,0.5,0,1,
Storage,DEdr07_storage_pumped_hydro,DEdr07_storage_pumped_hydro,DEdr07_bus_el,,302.416231446,,,,,,0,,,,,,,,,
Storage,DEdr07_storage_pumped_hydro,DEdr07_bus_el,DEdr07_storage_pumped_hydro,,302.416231446,,,,,,0,,3020,0,0.894,0.894,0.5,0,1,
Storage,DEdr07_storage_redox_flow,DEdr07_storage_redox_flow,DEdr07_bus_el,,25.21,,,,,,0,,,,,,,,,
Storage,DEdr07_storage_redox_flow,DEdr07_bus_el,DEdr07_storage_redox_flow,,25.21,,,,,,0,,84.02,0,0.866,0.866,0.5,0,1,
Sink,DEdr07_load,DEdr07_bus_el,DEdr07_load,,4397.8415817859,,,,seq,,,TRUE,,,,,,,,
,,,,,,,,,,,,,,,,,,,,
### DEdr08,,,,,,,,,,,,,,,,,,,,
Sink,DEdr08_excess,DEdr08_bus_el,DEdr08_excess,,,,,,,,0.00000001,,,,,,,,,
Source,DEdr08_shortage,DEdr08_shortage,DEdr08_bus_el,,,,,,,,1000,,,,,,,,,
LinearTransformer,DEdr08_pp_biomass,DEdr08_pp_biomass,DEdr08_bus_el,0.38,402.9872110393,,,2514,,29000,3.9,,,,,,,,,
LinearTransformer,DEdr08_pp_biomass,GL_bus_biomass,DEdr08_pp_biomass,,,,,,,,,,,,,,,,,
Source,DEdr08_run_of_river,DEdr08_run_of_river,DEdr08_bus_el,,111.9424991019,,,,0.65,,,TRUE,,,,,,,,
Source,DEdr08_solar,DEdr08_solar,DEdr08_bus_el,,2444.50428,,,,seq,,,TRUE,,,,,,,,
Source,DEdr08_wind_onshore,DEdr08_wind_onshore,DEdr08_bus_el,,1254.676,,,,seq,,,TRUE,,,,,,,,
Storage,DEdr08_storage_a_caes,DEdr08_storage_a_caes,DEdr08_bus_el,,74.02,,,,,,0,,,,,,,,,
Storage,DEdr08_storage_a_caes,DEdr08_bus_el,DEdr08_storage_a_caes,,74.02,,,,,,0,,222.06,0,0.837,0.837,0.5,0,1,
Storage,DEdr08_storage_hydrogen,DEdr08_storage_hydrogen,DEdr08_bus_el,,240.39,,,,,,0,,,,,,,,,
Storage,DEdr08_storage_hydrogen,DEdr08_bus_el,DEdr08_storage_hydrogen,,240.39,,,,,,0,,2403.9,0,0.632,0.632,0.5,0,1,
Storage,DEdr08_storage_lithium_ion,DEdr08_storage_lithium_ion,DEdr08_bus_el,,372.49,,,,,,0,,,,,,,,,
Storage,DEdr08_storage_lithium_ion,DEdr08_bus_el,DEdr08_storage_lithium_ion,,372.49,,,,,,0,,1862.43,0,0.975,0.975,0.5,0,1,
Storage,DEdr08_storage_redox_flow,DEdr08_storage_redox_flow,DEdr08_bus_el,,22.13,,,,,,0,,,,,,,,,
Storage,DEdr08_storage_redox_flow,DEdr08_bus_el,DEdr08_storage_redox_flow,,22.13,,,,,,0,,73.78,0,0.866,0.866,0.5,0,1,
Sink,DEdr08_load,DEdr08_bus_el,DEdr08_load,,5691.3243999582,,,,seq,,,TRUE,,,,,,,,
,,,,,,,,,,,,,,,,,,,,
### DEdr09,,,,,,,,,,,,,,,,,,,,
Sink,DEdr09_excess,DEdr09_bus_el,DEdr09_excess,,,,,,,,0.00000001,,,,,,,,,
Source,DEdr09_shortage,DEdr09_shortage,DEdr09_bus_el,,,,,,,,1000,,,,,,,,,
LinearTransformer,DEdr09_pp_biomass,DEdr09_pp_biomass,DEdr09_bus_el,0.38,829.5111272842,,,2514,,29000,3.9,,,,,,,,,
LinearTransformer,DEdr09_pp_biomass,GL_bus_biomass,DEdr09_pp_biomass,,,,,,,,,,,,,,,,,
Source,DEdr09_run_of_river,DEdr09_run_of_river,DEdr09_bus_el,,192.7374445324,,,,0.65,,,TRUE,,,,,,,,
Source,DEdr09_solar,DEdr09_solar,DEdr09_bus_el,,5870.72132,,,,seq,,,TRUE,,,,,,,,
Source,DEdr09_wind_onshore,DEdr09_wind_onshore,DEdr09_bus_el,,2946.295,,,,seq,,,TRUE,,,,,,,,
Source,DEdr09_geothermal,DEdr09_geothermal,DEdr09_bus_el,,721.996,,,,0.95,,,TRUE,,,,,,,,
Storage,DEdr09_storage_a_caes,DEdr09_storage_a_caes,DEdr09_bus_el,,198.29,,,,,,0,,,,,,,,,
Storage,DEdr09_storage_a_caes,DEdr09_bus_el,DEdr09_storage_a_caes,,198.29,,,,,,0,,594.87,0,0.837,0.837,0.5,0,1,
Storage,DEdr09_storage_hydrogen,DEdr09_storage_hydrogen,DEdr09_bus_el,,643.98,,,,,,0,,,,,,,,,
Storage,DEdr09_storage_hydrogen,DEdr09_bus_el,DEdr09_storage_hydrogen,,643.98,,,,,,0,,6439.8,0,0.632,0.632,0.5,0,1,
Storage,DEdr09_storage_lithium_ion,DEdr09_storage_lithium_ion,DEdr09_bus_el,,997.85,,,,,,0,,,,,,,,,
Storage,DEdr09_storage_lithium_ion,DEdr09_bus_el,DEdr09_storage_lithium_ion,,997.85,,,,,,0,,4989.25,0,0.975,0.975,0.5,0,1,
Storage,DEdr09_storage_redox_flow,DEdr09_storage_redox_flow,DEdr09_bus_el,,59.3,,,,,,0,,,,,,,,,
Storage,DEdr09_storage_redox_flow,DEdr09_bus_el,DEdr09_storage_redox_flow,,59.3,,,,,,0,,197.66,0,0.866,0.866,0.5,0,1,
Sink,DEdr09_load,DEdr09_bus_el,DEdr09_load,,8623.2187878154,,,,seq,,,TRUE,,,,,,,,
,,,,,,,,,,,,,,,,,,,,
### DEdr10,,,,,,,,,,,,,,,,,,,,
Sink,DEdr10_excess,DEdr10_bus_el,DEdr10_excess,,,,,,,,0.00000001,,,,,,,,,
Source,DEdr10_shortage,DEdr10_shortage,DEdr10_bus_el,,,,,,,,1000,,,,,,,,,
LinearTransformer,DEdr10_pp_biomass,DEdr10_pp_biomass,DEdr10_bus_el,0.38,1214.460838321,,,2514,,29000,3.9,,,,,,,,,
LinearTransformer,DEdr10_pp_biomass,GL_bus_biomass,DEdr10_pp_biomass,,,,,,,,,,,,,,,,,
Source,DEdr10_run_of_river,DEdr10_run_of_river,DEdr10_bus_el,,279.1956555429,,,,0.65,,,TRUE,,,,,,,,
Source,DEdr10_solar,DEdr10_solar,DEdr10_bus_el,,5709.01026,,,,seq,,,TRUE,,,,,,,,
Source,DEdr10_wind_onshore,DEdr10_wind_onshore,DEdr10_bus_el,,1628.486,,,,seq,,,TRUE,,,,,,,,
Storage,DEdr10_storage_a_caes,DEdr10_storage_a_caes,DEdr10_bus_el,,106.02,,,,,,0,,,,,,,,,
Storage,DEdr10_storage_a_caes,DEdr10_bus_el,DEdr10_storage_a_caes,,106.02,,,,,,0,,318.06,0,0.837,0.837,0.5,0,1,
Storage,DEdr10_storage_hydrogen,DEdr10_storage_hydrogen,DEdr10_bus_el,,344.3,,,,,,0,,,,,,,,,
Storage,DEdr10_storage_hydrogen,DEdr10_bus_el,DEdr10_storage_hydrogen,,344.3,,,,,,0,,3442.99,0,0.632,0.632,0.5,0,1,
Storage,DEdr10_storage_lithium_ion,DEdr10_storage_lithium_ion,DEdr10_bus_el,,533.49,,,,,,0,,,,,,,,,
Storage,DEdr10_storage_lithium_ion,DEdr10_bus_el,DEdr10_storage_lithium_ion,,533.49,,,,,,0,,2667.46,0,0.975,0.975,0.5,0,1,
Storage,DEdr10_storage_redox_flow,DEdr10_storage_redox_flow,DEdr10_bus_el,,31.7,,,,,,0,,,,,,,,,
Storage,DEdr10_storage_redox_flow,DEdr10_bus_el,DEdr10_storage_redox_flow,,31.7,,,,,,0,,105.68,0,0.866,0.866,0.5,0,1,
Sink,DEdr10_load,DEdr10_bus_el,DEdr10_load,,1897.1081333194,,,,seq,,,TRUE,,,,,,,,
,,,,,,,,,,,,,,,,,,,,
### DEdr11,,,,,,,,,,,,,,,,,,,,
Sink,DEdr11_excess,DEdr11_bus_el,DEdr11_excess,,,,,,,,0.00000001,,,,,,,,,
Source,DEdr11_shortage,DEdr11_shortage,DEdr11_bus_el,,,,,,,,1000,,,,,,,,,
LinearTransformer,DEdr11_pp_biomass,DEdr11_pp_biomass,DEdr11_bus_el,0.38,919.3136561986,,,2514,,29000,3.9,,,,,,,,,
LinearTransformer,DEdr11_pp_biomass,GL_bus_biomass,DEdr11_pp_biomass,,,,,,,,,,,,,,,,,
Source,DEdr11_run_of_river,DEdr11_run_of_river,DEdr11_bus_el,,169.0603218266,,,,0.65,,,TRUE,,,,,,,,
Source,DEdr11_solar,DEdr11_solar,DEdr11_bus_el,,3321.96428,,,,seq,,,TRUE,,,,,,,,
Source,DEdr11_wind_onshore,DEdr11_wind_onshore,DEdr11_bus_el,,759.946,,,,seq,,,TRUE,,,,,,,,
Source,DEdr11_geothermal,DEdr11_geothermal,DEdr11_bus_el,,50.91,,,,0.95,,,TRUE,,,,,,,,
Storage,DEdr11_storage_a_caes,DEdr11_storage_a_caes,DEdr11_bus_el,,68.26,,,,,,0,,,,,,,,,
Storage,DEdr11_storage_a_caes,DEdr11_bus_el,DEdr11_storage_a_caes,,68.26,,,,,,0,,204.78,0,0.837,0.837,0.5,0,1,
Storage,DEdr11_storage_hydrogen,DEdr11_storage_hydrogen,DEdr11_bus_el,,221.68,,,,,,0,,,,,,,,,
Storage,DEdr11_storage_hydrogen,DEdr11_bus_el,DEdr11_storage_hydrogen,,221.68,,,,,,0,,2216.84,0,0.632,0.632,0.5,0,1,
Storage,DEdr11_storage_lithium_ion,DEdr11_storage_lithium_ion,DEdr11_bus_el,,343.5,,,,,,0,,,,,,,,,
Storage,DEdr11_storage_lithium_ion,DEdr11_bus_el,DEdr11_storage_lithium_ion,,343.5,,,,,,0,,1717.5,0,0.975,0.975,0.5,0,1,
Storage,DEdr11_storage_redox_flow,DEdr11_storage_redox_flow,DEdr11_bus_el,,20.41,,,,,,0,,,,,,,,,
Storage,DEdr11_storage_redox_flow,DEdr11_bus_el,DEdr11_storage_redox_flow,,20.41,,,,,,0,,68.04,0,0.866,0.866,0.5,0,1,
Sink,DEdr11_load,DEdr11_bus_el,DEdr11_load,,4225.3772060296,,,,seq,,,TRUE,,,,,,,,
,,,,,,,,,,,,,,,,,,,,
### DEdr12,,,,,,,,,,,,,,,,,,,,
Sink,DEdr12_excess,DEdr12_bus_el,DEdr12_excess,,,,,,,,0.00000001,,,,,,,,,
Source,DEdr12_shortage,DEdr12_shortage,DEdr12_bus_el,,,,,,,,1000,,,,,,,,,
LinearTransformer,DEdr12_pp_biomass,DEdr12_pp_biomass,DEdr12_bus_el,0.38,2374.5525292355,,,2514,,29000,3.9,,,,,,,,,
LinearTransformer,DEdr12_pp_biomass,GL_bus_biomass,DEdr12_pp_biomass,,,,,,,,,,,,,,,,,
Source,DEdr12_run_of_river,DEdr12_run_of_river,DEdr12_bus_el,,851.022671444,,,,0.65,,,TRUE,,,,,,,,
Source,DEdr12_solar,DEdr12_solar,DEdr12_bus_el,,9472.68878,,,,seq,,,TRUE,,,,,,,,
Source,DEdr12_wind_onshore,DEdr12_wind_onshore,DEdr12_bus_el,,3315.493,,,,seq,,,TRUE,,,,,,,,
Storage,DEdr12_storage_a_caes,DEdr12_storage_a_caes,DEdr12_bus_el,,188.2,,,,,,0,,,,,,,,,
Storage,DEdr12_storage_a_caes,DEdr12_bus_el,DEdr12_storage_a_caes,,188.2,,,,,,0,,564.6,0,0.837,0.837,0.5,0,1,
Storage,DEdr12_storage_hydrogen,DEdr12_storage_hydrogen,DEdr12_bus_el,,611.21,,,,,,0,,,,,,,,,
Storage,DEdr12_storage_hydrogen,DEdr12_bus_el,DEdr12_storage_hydrogen,,611.21,,,,,,0,,6112.06,0,0.632,0.632,0.5,0,1,
Storage,DEdr12_storage_lithium_ion,DEdr12_storage_lithium_ion,DEdr12_bus_el,,947.07,,,,,,0,,,,,,,,,
Storage,DEdr12_storage_lithium_ion,DEdr12_bus_el,DEdr12_storage_lithium_ion,,947.07,,,,,,0,,9470,0,0.975,0.975,0.5,0,1,
Storage,DEdr12_storage_pumped_hydro,DEdr12_storage_pumped_hydro,DEdr12_bus_el,,2986.908141021,,,,,,0,,,,,,,,,
Storage,DEdr12_storage_pumped_hydro,DEdr12_bus_el,DEdr12_storage_pumped_hydro,,2986.908141021,,,,,,0,,29860,0,0.894,0.894,0.5,0,1,
Storage,DEdr12_storage_redox_flow,DEdr12_storage_redox_flow,DEdr12_bus_el,,56.28,,,,,,0,,,,,,,,,
Storage,DEdr12_storage_redox_flow,DEdr12_bus_el,DEdr12_storage_redox_flow,,56.28,,,,,,0,,187.6,0,0.866,0.866,0.5,0,1,
Sink,DEdr12_load,DEdr12_bus_el,DEdr12_load,,8105.8256605465,,,,seq,,,TRUE,,,,,,,,
,,,,,,,,,,,,,,,,,,,,
### DEdr13,,,,,,,,,,,,,,,,,,,,
Sink,DEdr13_excess,DEdr13_bus_el,DEdr13_excess,,,,,,,,0.00000001,,,,,,,,,
Source,DEdr13_shortage,DEdr13_shortage,DEdr13_bus_el,,,,,,,,1000,,,,,,,,,
LinearTransformer,DEdr13_pp_biomass,DEdr13_pp_biomass,DEdr13_bus_el,0.38,1554.5881505075,,,2514,,29000,3.9,,,,,,,,,
LinearTransformer,DEdr13_pp_biomass,GL_bus_biomass,DEdr13_pp_biomass,,,,,,,,,,,,,,,,,
Source,DEdr13_run_of_river,DEdr13_run_of_river,DEdr13_bus_el,,10.441,,,,0.65,,,TRUE,,,,,,,,
Source,DEdr13_solar,DEdr13_solar,DEdr13_bus_el,,3117.9198277062,,,,seq,,,TRUE,,,,,,,,
Source,DEdr13_wind_onshore,DEdr13_wind_onshore,DEdr13_bus_el,,2121.058,,,,seq,,,TRUE,,,,,,,,
Storage,DEdr13_storage_a_caes,DEdr13_storage_a_caes,DEdr13_bus_el,,224.65,,,,,,0,,,,,,,,,
Storage,DEdr13_storage_a_caes,DEdr13_bus_el,DEdr13_storage_a_caes,,224.65,,,,,,0,,673.95,0,0.837,0.837,0.5,0,1,
Storage,DEdr13_storage_hydrogen,DEdr13_storage_hydrogen,DEdr13_bus_el,,729.56,,,,,,0,,,,,,,,,
Storage,DEdr13_storage_hydrogen,DEdr13_bus_el,DEdr13_storage_hydrogen,,729.56,,,,,,0,,7295.65,0,0.632,0.632,0.5,0,1,
Storage,DEdr13_storage_lithium_ion,DEdr13_storage_lithium_ion,DEdr13_bus_el,,1130.46,,,,,,0,,,,,,,,,
Storage,DEdr13_storage_lithium_ion,DEdr13_bus_el,DEdr13_storage_lithium_ion,,1130.46,,,,,,0,,5652.32,0,0.975,0.975,0.5,0,1,
Storage,DEdr13_storage_redox_flow,DEdr13_storage_redox_flow,DEdr13_bus_el,,67.18,,,,,,0,,,,,,,,,
Storage,DEdr13_storage_redox_flow,DEdr13_bus_el,DEdr13_storage_redox_flow,,67.18,,,,,,0,,223.93,0,0.866,0.866,0.5,0,1,
Sink,DEdr13_load,DEdr13_bus_el,DEdr13_load,,2242.0368848321,,,,seq,,,TRUE,,,,,,,,
,,,,,,,,,,,,,,,,,,,,
### DEdr14,,,,,,,,,,,,,,,,,,,,
Sink,DEdr14_excess,DEdr14_bus_el,DEdr14_excess,,,,,,,,0.00000001,,,,,,,,,
Source,DEdr14_shortage,DEdr14_shortage,DEdr14_bus_el,,,,,,,,1000,,,,,,,,,
LinearTransformer,DEdr14_pp_biomass,DEdr14_pp_biomass,DEdr14_bus_el,0.38,2552.8422691449,,,2514,,29000,3.9,,,,,,,,,
LinearTransformer,DEdr14_pp_biomass,GL_bus_biomass,DEdr14_pp_biomass,,,,,,,,,,,,,,,,,
Source,DEdr14_run_of_river,DEdr14_run_of_river,DEdr14_bus_el,,24.7825869371,,,,0.65,,,TRUE,,,,,,,,
Source,DEdr14_solar,DEdr14_solar,DEdr14_bus_el,,4311.453,,,,seq,,,TRUE,,,,,,,,
Source,DEdr14_wind_onshore,DEdr14_wind_onshore,DEdr14_bus_el,,2499.988,,,,seq,,,TRUE,,,,,,,,
Storage,DEdr14_storage_a_caes,DEdr14_storage_a_caes,DEdr14_bus_el,,586.81,,,,,,0,,,,,,,,,
Storage,DEdr14_storage_a_caes,DEdr14_bus_el,DEdr14_storage_a_caes,,586.81,,,,,,0,,1760.43,0,0.837,0.837,0.5,0,1,
Storage,DEdr14_storage_hydrogen,DEdr14_storage_hydrogen,DEdr14_bus_el,,863.26,,,,,,0,,,,,,,,,
Storage,DEdr14_storage_hydrogen,DEdr14_bus_el,DEdr14_storage_hydrogen,,863.26,,,,,,0,,8632.57,0,0.632,0.632,0.5,0,1,
Storage,DEdr14_storage_lithium_ion,DEdr14_storage_lithium_ion,DEdr14_bus_el,,1337.62,,,,,,0,,,,,,,,,
Storage,DEdr14_storage_lithium_ion,DEdr14_bus_el,DEdr14_storage_lithium_ion,,1337.62,,,,,,0,,13370,0,0.975,0.975,0.5,0,1,
Storage,DEdr14_storage_pumped_hydro,DEdr14_storage_pumped_hydro,DEdr14_bus_el,,260.9983562697,,,,,,0,,,,,,,,,
Storage,DEdr14_storage_pumped_hydro,DEdr14_bus_el,DEdr14_storage_pumped_hydro,,260.9983562697,,,,,,0,,2600,0,0.894,0.894,0.5,0,1,
Storage,DEdr14_storage_redox_flow,DEdr14_storage_redox_flow,DEdr14_bus_el,,79.49,,,,,,0,,,,,,,,,
Storage,DEdr14_storage_redox_flow,DEdr14_bus_el,DEdr14_storage_redox_flow,,79.49,,,,,,0,,264.96,0,0.866,0.866,0.5,0,1,
Sink,DEdr14_load,DEdr14_bus_el,DEdr14_load,,4052.9128302733,,,,seq,,,TRUE,,,,,,,,
,,,,,,,,,,,,,,,,,,,,
### DEdr15,,,,,,,,,,,,,,,,,,,,
Sink,DEdr15_excess,DEdr15_bus_el,DEdr15_excess,,,,,,,,0.00000001,,,,,,,,,
Source,DEdr15_shortage,DEdr15_shortage,DEdr15_bus_el,,,,,,,,1000,,,,,,,,,
LinearTransformer,DEdr15_pp_biomass,DEdr15_pp_biomass,DEdr15_bus_el,0.38,2087.6528182125,,,2514,,29000,3.9,,,,,,,,,
LinearTransformer,DEdr15_pp_biomass,GL_bus_biomass,DEdr15_pp_biomass,,,,,,,,,,,,,,,,,
Source,DEdr15_run_of_river,DEdr15_run_of_river,DEdr15_bus_el,,62.9357556126,,,,0.65,,,TRUE,,,,,,,,
Source,DEdr15_solar,DEdr15_solar,DEdr15_bus_el,,3381.01252,,,,seq,,,TRUE,,,,,,,,
Source,DEdr15_wind_onshore,DEdr15_wind_onshore,DEdr15_bus_el,,3191.442,,,,seq,,,TRUE,,,,,,,,
Storage,DEdr15_storage_a_caes,DEdr15_storage_a_caes,DEdr15_bus_el,,152.85,,,,,,0,,,,,,,,,
Storage,DEdr15_storage_a_caes,DEdr15_bus_el,DEdr15_storage_a_caes,,152.85,,,,,,0,,458.55,0,0.837,0.837,0.5,0,1,
Storage,DEdr15_storage_hydrogen,DEdr15_storage_hydrogen,DEdr15_bus_el,,496.4,,,,,,0,,,,,,,,,
Storage,DEdr15_storage_hydrogen,DEdr15_bus_el,DEdr15_storage_hydrogen,,496.4,,,,,,0,,4964.04,0,0.632,0.632,0.5,0,1,
Storage,DEdr15_storage_lithium_ion,DEdr15_storage_lithium_ion,DEdr15_bus_el,,769.18,,,,,,0,,,,,,,,,
Storage,DEdr15_storage_lithium_ion,DEdr15_bus_el,DEdr15_storage_lithium_ion,,769.18,,,,,,0,,7690,0,0.975,0.975,0.5,0,1,
Storage,DEdr15_storage_pumped_hydro,DEdr15_storage_pumped_hydro,DEdr15_bus_el,,482.11283274,,,,,,0,,,,,,,,,
Storage,DEdr15_storage_pumped_hydro,DEdr15_bus_el,DEdr15_storage_pumped_hydro,,482.11283274,,,,,,0,,4820,0,0.894,0.894,0.5,0,1,
Storage,DEdr15_storage_redox_flow,DEdr15_storage_redox_flow,DEdr15_bus_el,,45.71,,,,,,0,,,,,,,,,
Storage,DEdr15_storage_redox_flow,DEdr15_bus_el,DEdr15_storage_redox_flow,,45.71,,,,,,0,,152.36,0,0.866,0.866,0.5,0,1,
Sink,DEdr15_load,DEdr15_bus_el,DEdr15_load,,5518.8600242019,,,,seq,,,TRUE,,,,,,,,
,,,,,,,,,,,,,,,,,,,,
### Dedr16,,,,,,,,,,,,,,,,,,,,
Sink,DEdr16_excess,DEdr16_bus_el,DEdr16_excess,,,,,,,,0.00000001,,,,,,,,,
Source,DEdr16_shortage,DEdr16_shortage,DEdr16_bus_el,,,,,,,,1000,,,,,,,,,
LinearTransformer,DEdr16_pp_biomass,DEdr16_pp_biomass,DEdr16_bus_el,0.38,920.399060823,,,2514,,29000,3.9,,,,,,,,,
LinearTransformer,DEdr16_pp_biomass,GL_bus_biomass,DEdr16_pp_biomass,,,,,,,,,,,,,,,,,
Source,DEdr16_run_of_river,DEdr16_run_of_river,DEdr16_bus_el,,62.9235450357,,,,0.65,,,TRUE,,,,,,,,
Source,DEdr16_solar,DEdr16_solar,DEdr16_bus_el,,4711.69156,,,,seq,,,TRUE,,,,,,,,
Source,DEdr16_wind_onshore,DEdr16_wind_onshore,DEdr16_bus_el,,2619.484,,,,seq,,,TRUE,,,,,,,,
Storage,DEdr16_storage_a_caes,DEdr16_storage_a_caes,DEdr16_bus_el,,144,,,,,,0,,,,,,,,,
Storage,DEdr16_storage_a_caes,DEdr16_bus_el,DEdr16_storage_a_caes,,144,,,,,,0,,432,0,0.837,0.837,0.5,0,1,
Storage,DEdr16_storage_hydrogen,DEdr16_storage_hydrogen,DEdr16_bus_el,,467.65,,,,,,0,,,,,,,,,
Storage,DEdr16_storage_hydrogen,DEdr16_bus_el,DEdr16_storage_hydrogen,,467.65,,,,,,0,,4676.49,0,0.632,0.632,0.5,0,1,
Storage,DEdr16_storage_lithium_ion,DEdr16_storage_lithium_ion,DEdr16_bus_el,,724.62,,,,,,0,,,,,,,,,
Storage,DEdr16_storage_lithium_ion,DEdr16_bus_el,DEdr16_storage_lithium_ion,,724.62,,,,,,0,,7240,0,0.975,0.975,0.5,0,1,
Storage,DEdr16_storage_pumped_hydro,DEdr16_storage_pumped_hydro,DEdr16_bus_el,,1368.5430183915,,,,,,0,,,,,,,,,
Storage,DEdr16_storage_pumped_hydro,DEdr16_bus_el,DEdr16_storage_pumped_hydro,,1368.5430183915,,,,,,0,,13680,0,0.894,0.894,0.5,0,1,
Storage,DEdr16_storage_redox_flow,DEdr16_storage_redox_flow,DEdr16_bus_el,,43.06,,,,,,0,,,,,,,,,
Storage,DEdr16_storage_redox_flow,DEdr16_bus_el,DEdr16_storage_redox_flow,,43.06,,,,,,0,,143.54,0,0.866,0.866,0.5,0,1,
Sink,DEdr16_load,DEdr16_bus_el,DEdr16_load,,4225.3772060296,,,,seq,,,TRUE,,,,,,,,
,,,,,,,,,,,,,,,,,,,,
### Dedr17,,,,,,,,,,,,,,,,,,,,
Sink,DEdr17_excess,DEdr17_bus_el,DEdr17_excess,,,,,,,,0.00000001,,,,,,,,,
Source,DEdr17_shortage,DEdr17_shortage,DEdr17_bus_el,,,,,,,,1000,,,,,,,,,
LinearTransformer,DEdr17_pp_biomass,DEdr17_pp_biomass,DEdr17_bus_el,0.38,2348.7273847232,,,2514,,29000,3.9,,,,,,,,,
LinearTransformer,DEdr17_pp_biomass,GL_bus_biomass,DEdr17_pp_biomass,,,,,,,,,,,,,,,,,
Source,DEdr17_run_of_river,DEdr17_run_of_river,DEdr17_bus_el,,246.5608536013,,,,0.65,,,TRUE,,,,,,,,
Source,DEdr17_solar,DEdr17_solar,DEdr17_bus_el,,10914.75998,,,,seq,,,TRUE,,,,,,,,
Source,DEdr17_wind_onshore,DEdr17_wind_onshore,DEdr17_bus_el,,6878.766,,,,seq,,,TRUE,,,,,,,,
Storage,DEdr17_storage_a_caes,DEdr17_storage_a_caes,DEdr17_bus_el,,239.48,,,,,,0,,,,,,,,,
Storage,DEdr17_storage_a_caes,DEdr17_bus_el,DEdr17_storage_a_caes,,239.48,,,,,,0,,718.44,0,0.837,0.837,0.5,0,1,
Storage,DEdr17_storage_hydrogen,DEdr17_storage_hydrogen,DEdr17_bus_el,,777.73,,,,,,0,,,,,,,,,
Storage,DEdr17_storage_hydrogen,DEdr17_bus_el,DEdr17_storage_hydrogen,,777.73,,,,,,0,,7777.34,0,0.632,0.632,0.5,0,1,
Storage,DEdr17_storage_lithium_ion,DEdr17_storage_lithium_ion,DEdr17_bus_el,,1205.1,,,,,,0,,,,,,,,,
Storage,DEdr17_storage_lithium_ion,DEdr17_bus_el,DEdr17_storage_lithium_ion,,1205.1,,,,,,0,,12050,0,0.975,0.975,0.5,0,1,
Storage,DEdr17_storage_pumped_hydro,DEdr17_storage_pumped_hydro,DEdr17_bus_el,,988.331307117,,,,,,0,,,,,,,,,
Storage,DEdr17_storage_pumped_hydro,DEdr17_bus_el,DEdr17_storage_pumped_hydro,,988.331307117,,,,,,0,,9880,0,0.894,0.894,0.5,0,1,
Storage,DEdr17_storage_redox_flow,DEdr17_storage_redox_flow,DEdr17_bus_el,,71.61,,,,,,0,,,,,,,,,
Storage,DEdr17_storage_redox_flow,DEdr17_bus_el,DEdr17_storage_redox_flow,,71.61,,,,,,0,,238.71,0,0.866,0.866,0.5,0,1,
Sink,DEdr17_load,DEdr17_bus_el,DEdr17_load,,5777.5565878363,,,,seq,,,TRUE,,,,,,,,
,,,,,,,,,,,,,,,,,,,,
### Dedr18,,,,,,,,,,,,,,,,,,,,
Sink,DEdr18_excess,DEdr18_bus_el,DEdr18_excess,,,,,,,,0.00000001,,,,,,,,,
Source,DEdr18_shortage,DEdr18_shortage,DEdr18_bus_el,,,,,,,,1000,,,,,,,,,
LinearTransformer,DEdr18_pp_biomass,DEdr18_pp_biomass,DEdr18_bus_el,0.38,2183.7779627347,,,2514,,29000,3.9,,,,,,,,,
LinearTransformer,DEdr18_pp_biomass,GL_bus_biomass,DEdr18_pp_biomass,,,,,,,,,,,,,,,,,
Source,DEdr18_run_of_river,DEdr18_run_of_river,DEdr18_bus_el,,1842.5272164293,,,,0.65,,,TRUE,,,,,,,,
Source,DEdr18_solar,DEdr18_solar,DEdr18_bus_el,,12288.31922,,,,seq,,,TRUE,,,,,,,,
Source,DEdr18_wind_onshore,DEdr18_wind_onshore,DEdr18_bus_el,,4223.688,,,,seq,,,TRUE,,,,,,,,
Source,DEdr18_geothermal,DEdr18_geothermal,DEdr18_bus_el,,2156.731,,,,0.95,,,TRUE,,,,,,,,
Storage,DEdr18_storage_a_caes,DEdr18_storage_a_caes,DEdr18_bus_el,,222.95,,,,,,0,,,,,,,,,
Storage,DEdr18_storage_a_caes,DEdr18_bus_el,DEdr18_storage_a_caes,,222.95,,,,,,0,,668.85,0,0.837,0.837,0.5,0,1,
Storage,DEdr18_storage_hydrogen,DEdr18_storage_hydrogen,DEdr18_bus_el,,724.06,,,,,,0,,,,,,,,,
Storage,DEdr18_storage_hydrogen,DEdr18_bus_el,DEdr18_storage_hydrogen,,724.06,,,,,,0,,7240.56,0,0.632,0.632,0.5,0,1,
Storage,DEdr18_storage_lithium_ion,DEdr18_storage_lithium_ion,DEdr18_bus_el,,1121.93,,,,,,0,,,,,,,,,
Storage,DEdr18_storage_lithium_ion,DEdr18_bus_el,DEdr18_storage_lithium_ion,,1121.93,,,,,,0,,11210,0,0.975,0.975,0.5,0,1,
Storage,DEdr18_storage_pumped_hydro,DEdr18_storage_pumped_hydro,DEdr18_bus_el,,216.5124903396,,,,,,0,,,,,,,,,
Storage,DEdr18_storage_pumped_hydro,DEdr18_bus_el,DEdr18_storage_pumped_hydro,,216.5124903396,,,,,,0,,2160,0,0.894,0.894,0.5,0,1,
Storage,DEdr18_storage_redox_flow,DEdr18_storage_redox_flow,DEdr18_bus_el,,66.67,,,,,,0,,,,,,,,,
Storage,DEdr18_storage_redox_flow,DEdr18_bus_el,DEdr18_storage_redox_flow,,66.67,,,,,,0,,222.23,0,0.866,0.866,0.5,0,1,
Sink,DEdr18_load,DEdr18_bus_el,DEdr18_load,,4742.7703332985,,,,seq,,,TRUE,,,,,,,,
### ,,,,,,,,,,,,,,,,,,,,
### DEdr19 20 21,,,,,,,,,,,,,,,,,,,,
Sink,DEdr19_excess,DEdr19_bus_el,DEdr19_excess,,,,,,,,0.00000001,,,,,,,,,
Source,DEdr19_wind_offshore,DEdr19_wind_offshore,DEdr19_bus_el,,10590.8729256,,,,seq,,,TRUE,,,,,,,,
Sink,DEdr20_excess,DEdr20_bus_el,DEdr20_excess,,,,,,,,0.00000001,,,,,,,,,
Source,DEdr20_wind_offshore,DEdr20_wind_offshore,DEdr20_bus_el,,21181.7458512,,,,seq,,,TRUE,,,,,,,,
Sink,DEdr21_excess,DEdr21_bus_el,DEdr21_excess,,,,,,,,0.00000001,,,,,,,,,
Source,DEdr21_wind_offshore,DEdr21_wind_offshore,DEdr21_bus_el,,21181.7458512,,,,seq,,,TRUE,,,,,,,,
,,,,,,,,,,,,,,,,,,,,
### DK,,,,,,,,,,,,,,,,,,,,
Sink,DK_excess,DK_bus_el,DK_excess,,,,,,,,0.00000001,,,,,,,,,
Source,DK_shortage,DK_shortage,DK_bus_el,,,,,,,,1000,,,,,,,,,
LinearTransformer,DK_pp_gas,DK_pp_gas,DK_bus_el,0.425,1000,,,,,24000,0.5,,,,,,,,,
LinearTransformer,DK_pp_gas,GL_bus_gas,DK_pp_gas,,,,,,,,,,,,,,,,,
LinearTransformer,DK_pp_biomass,DK_pp_biomass,DK_bus_el,0.38,3750,,,1260,,29000,3.9,,,,,,,,,
LinearTransformer,DK_pp_biomass,GL_bus_biomass,DK_pp_biomass,,,,,,,,,,,,,,,,,
Source,DK_run_of_river,DK_run_of_river,DK_bus_el,,13,,,,0.65,,,TRUE,,,,,,,,
Source,DK_solar,DK_solar,DK_bus_el,,2038,,,,seq,,,TRUE,,,,,,,,
Source,DK_wind_onshore,DK_wind_onshore,DK_bus_el,,18708,,,,seq,,,TRUE,,,,,,,,
Source,DK_wind_offshore,DK_wind_offshore,DK_bus_el,,25600,,,,seq,,,TRUE,,,,,,,,
Storage,DK_storage_a_caes,DK_storage_a_caes,DK_bus_el,,210,,,,,,0,,,,,,,,,
Storage,DK_storage_a_caes,DK_bus_el,DK_storage_a_caes,,210,,,,,,0,,630,0,0.837,0.837,0.5,0,1,
Storage,DK_storage_hydrogen,DK_storage_hydrogen,DK_bus_el,,4990,,,,,,0,,,,,,,,,
Storage,DK_storage_hydrogen,DK_bus_el,DK_storage_hydrogen,,4990,,,,,,0,,49900,0,0.632,0.632,0.5,0,1,
Storage,DK_storage_lithium_ion,DK_storage_lithium_ion,DK_bus_el,,870,,,,,,0,,,,,,,,,
Storage,DK_storage_lithium_ion,DK_bus_el,DK_storage_lithium_ion,,870,,,,,,0,,4350,0,0.975,0.975,0.5,0,1,
Storage,DK_storage_redox_flow,DK_storage_redox_flow,DK_bus_el,,60,,,,,,0,,,,,,,,,
Storage,DK_storage_redox_flow,DK_bus_el,DK_storage_redox_flow,,60,,,,,,0,,200,0,0.866,0.866,0.5,0,1,
Sink,DK_load,DK_bus_el,DK_load,,7562,,,,seq,,,TRUE,,,,,,,,
,,,,,,,,,,,,,,,,,,,,
### FR,,,,,,,,,,,,,,,,,,,,
Sink,FR_excess,FR_bus_el,FR_excess,,,,,,,,0.00000001,,,,,,,,,
Source,FR_shortage,FR_shortage,FR_bus_el,,,,,,,,1000,,,,,,,,,
LinearTransformer,FR_pp_gas,FR_pp_gas,FR_bus_el,0.425,16000,,,,,24000,0.5,,,,,,,,,
LinearTransformer,FR_pp_gas,GL_bus_gas,FR_pp_gas,,,,,,,,,,,,,,,,,
LinearTransformer,FR_pp_biomass,FR_pp_biomass,FR_bus_el,0.38,28250,,,2913,,29000,3.9,,,,,,,,,
LinearTransformer,FR_pp_biomass,GL_bus_biomass,FR_pp_biomass,,,,,,,,,,,,,,,,,
Source,FR_run_of_river,FR_run_of_river,FR_bus_el,,10319,,,,0.65,,,TRUE,,,,,,,,
Source,FR_hydro,FR_hydro,FR_bus_el,,18200,,,1838,,,,,,,,,,,,
Source,FR_solar,FR_solar,FR_bus_el,,103055,,,,seq,,,TRUE,,,,,,,,
Source,FR_wind_onshore,FR_wind_onshore,FR_bus_el,,124197,,,,seq,,,TRUE,,,,,,,,
Source,FR_geothermal,FR_geothermal,FR_bus_el,,2,,,,0.95,,,TRUE,,,,,,,,
Storage,FR_storage_a_caes,FR_storage_a_caes,FR_bus_el,,250,,,,,,0,,,,,,,,,
Storage,FR_storage_a_caes,FR_bus_el,FR_storage_a_caes,,250,,,,,,0,,750,0,0.837,0.837,0.5,0,1,
Storage,FR_storage_hydrogen,FR_storage_hydrogen,FR_bus_el,,25990,,,,,,0,,,,,,,,,
Storage,FR_storage_hydrogen,FR_bus_el,FR_storage_hydrogen,,25990,,,,,,0,,259900,0,0.632,0.632,0.5,0,1,
Storage,FR_storage_lithium_ion,FR_storage_lithium_ion,FR_bus_el,,3420,,,,,,0,,,,,,,,,
Storage,FR_storage_lithium_ion,FR_bus_el,FR_storage_lithium_ion,,3420,,,,,,0,,17100,0,0.975,0.975,0.5,0,1,
Storage,FR_storage_pumped_hydro,FR_storage_pumped_hydro,FR_bus_el,,13420,,,,,,0,,,,,,,,,
Storage,FR_storage_pumped_hydro,FR_bus_el,FR_storage_pumped_hydro,,13420,,,,,,0,,1184000,0,0.894,0.894,0.5,0,1,
Storage,FR_storage_redox_flow,FR_storage_redox_flow,FR_bus_el,,60,,,,,,0,,,,,,,,,
Storage,FR_storage_redox_flow,FR_bus_el,FR_storage_redox_flow,,60,,,,,,0,,200,0,0.866,0.866,0.5,0,1,
Sink,FR_load,FR_bus_el,FR_load,,130478,,,,seq,,,TRUE,,,,,,,,
,,,,,,,,,,,,,,,,,,,,
### LU,,,,,,,,,,,,,,,,,,,,
Sink,LU_excess,LU_bus_el,LU_excess,,,,,,,,0.00000001,,,,,,,,,
Source,LU_shortage,LU_shortage,LU_bus_el,,,,,,,,1000,,,,,,,,,
LinearTransformer,LU_pp_gas,LU_pp_gas,LU_bus_el,0.425,250,,,,,24000,0.5,,,,,,,,,
LinearTransformer,LU_pp_gas,GL_bus_gas,LU_pp_gas,,,,,,,,,,,,,,,,,
Source,LU_run_of_river,LU_run_of_river,LU_bus_el,,149,,,,0.65,,,TRUE,,,,,,,,
Source,LU_solar,LU_solar,LU_bus_el,,1030,,,,seq,,,TRUE,,,,,,,,
Source,LU_wind_onshore,LU_wind_onshore,LU_bus_el,,739,,,,seq,,,TRUE,,,,,,,,
Storage,LU_storage_a_caes,LU_storage_a_caes,LU_bus_el,,127.59,,,,,,0,,,,,,,,,
Storage,LU_storage_a_caes,LU_bus_el,LU_storage_a_caes,,127.59,,,,,,0,,382.77,0,0.837,0.837,0.5,0,1,
Storage,LU_storage_hydrogen,LU_storage_hydrogen,LU_bus_el,,570.76,,,,,,0,,,,,,,,,
Storage,LU_storage_hydrogen,LU_bus_el,LU_storage_hydrogen,,570.76,,,,,,0,,5707.59,0,0.632,0.632,0.5,0,1,
Storage,LU_storage_lithium_ion,LU_storage_lithium_ion,LU_bus_el,,100.25,,,,,,0,,,,,,,,,
Storage,LU_storage_lithium_ion,LU_bus_el,LU_storage_lithium_ion,,100.25,,,,,,0,,501.27,0,0.975,0.975,0.5,0,1,
Storage,LU_storage_pumped_hydro,LU_storage_pumped_hydro,LU_bus_el,,1800,,,,,,0,,,,,,,,,
Storage,LU_storage_pumped_hydro,LU_bus_el,LU_storage_pumped_hydro,,1800,,,,,,0,,18000,0,0.894,0.894,0.5,0,1,
Storage,LU_storage_redox_flow,LU_storage_redox_flow,LU_bus_el,,3.42,,,,,,0,,,,,,,,,
Storage,LU_storage_redox_flow,LU_bus_el,LU_storage_redox_flow,,3.42,,,,,,0,,11.39,0,0.866,0.866,0.5,0,1,
Sink,LU_load,LU_bus_el,LU_load,,1277,,,,seq,,,TRUE,,,,,,,,
,,,,,,,,,,,,,,,,,,,,
### NL,,,,,,,,,,,,,,,,,,,,
Sink,NL_excess,NL_bus_el,NL_excess,,,,,,,,0.00000001,,,,,,,,,
Source,NL_shortage,NL_shortage,NL_bus_el,,,,,,,,1000,,,,,,,,,
LinearTransformer,NL_pp_gas,NL_pp_gas,NL_bus_el,0.425,3000,,,,,24000,0.5,,,,,,,,,
LinearTransformer,NL_pp_gas,GL_bus_gas,NL_pp_gas,,,,,,,,,,,,,,,,,
LinearTransformer,NL_pp_biomass,NL_pp_biomass,NL_bus_el,0.38,4000,,,1928,,29000,3.9,,,,,,,,,
LinearTransformer,NL_pp_biomass,GL_bus_biomass,NL_pp_biomass,,,,,,,,,,,,,,,,,
Source,NL_run_of_river,NL_run_of_river,NL_bus_el,,104,,,,0.65,,,TRUE,,,,,,,,
Source,NL_solar,NL_solar,NL_bus_el,,22247,,,,seq,,,TRUE,,,,,,,,
Source,NL_wind_onshore,NL_wind_onshore,NL_bus_el,,14997,,,,seq,,,TRUE,,,,,,,,
Source,NL_wind_offshore,NL_wind_offshore,NL_bus_el,,15900,,,,seq,,,TRUE,,,,,,,,
Storage,NL_storage_a_caes,NL_storage_a_caes,NL_bus_el,,1708.35,,,,,,0,,,,,,,,,
Storage,NL_storage_a_caes,NL_bus_el,NL_storage_a_caes,,1708.35,,,,,,0,,5125.05,0,0.837,0.837,0.5,0,1,
Storage,NL_storage_hydrogen,NL_storage_hydrogen,NL_bus_el,,7641.84,,,,,,0,,,,,,,,,
Storage,NL_storage_hydrogen,NL_bus_el,NL_storage_hydrogen,,7641.84,,,,,,0,,76418.35,0,0.632,0.632,0.5,0,1,
Storage,NL_storage_lithium_ion,NL_storage_lithium_ion,NL_bus_el,,1342.28,,,,,,0,,,,,,,,,
Storage,NL_storage_lithium_ion,NL_bus_el,NL_storage_lithium_ion,,1342.28,,,,,,0,,6711.39,0,0.975,0.975,0.5,0,1,
Storage,NL_storage_pumped_hydro,NL_storage_pumped_hydro,NL_bus_el,,104,,,,,,0,,,,,,,,,
Storage,NL_storage_pumped_hydro,NL_bus_el,NL_storage_pumped_hydro,,104,,,,,,0,,1040,0,0.894,0.894,0.5,0,1,
Storage,NL_storage_redox_flow,NL_storage_redox_flow,NL_bus_el,,45.76,,,,,,0,,,,,,,,,
Storage,NL_storage_redox_flow,NL_bus_el,NL_storage_redox_flow,,45.76,,,,,,0,,152.53,0,0.866,0.866,0.5,0,1,
Sink,NL_load,NL_bus_el,NL_load,,26746,,,,seq,,,TRUE,,,,,,,,
,,,,,,,,,,,,,,,,,,,,
### NO,,,,,,,,,,,,,,,,,,,,
Sink,NO_excess,NO_bus_el,NO_excess,,,,,,,,0.00000001,,,,,,,,,
Source,NO_shortage,NO_shortage,NO_bus_el,,,,,,,,1000,,,,,,,,,
LinearTransformer,NO_pp_biomass,NO_pp_biomass,NO_bus_el,0.38,500,,,2744,,29000,3.9,,,,,,,,,
LinearTransformer,NO_pp_biomass,GL_bus_biomass,NO_pp_biomass,,,,,,,,,,,,,,,,,
Source,NO_run_of_river,NO_run_of_river,NO_bus_el,,11336,,,,0.65,,,TRUE,,,,,,,,
Source,NO_hydro,NO_hydro,NO_bus_el,,42473,,seq,3165,,,,,,,,,,,,
Source,NO_solar,NO_solar,NO_bus_el,,5368,,,,seq,,,TRUE,,,,,,,,
Source,NO_wind_onshore,NO_wind_onshore,NO_bus_el,,12175,,,,seq,,,TRUE,,,,,,,,
Source,NO_wind_offshore,NO_wind_offshore,NO_bus_el,,3000,,,,seq,,,TRUE,,,,,,,,
Storage,NO_storage_lithium_ion,NO_storage_lithium_ion,NO_bus_el,,0.08,,,,,,0,,,,,,,,,
Storage,NO_storage_lithium_ion,NO_bus_el,NO_storage_lithium_ion,,0.08,,,,,,0,,0.4,0,0.975,0.975,0.5,0,1,
Storage,NO_storage_pumped_hydro,NO_storage_pumped_hydro,NO_bus_el,,17291,,,,,,0,,,,,,,,,
Storage,NO_storage_pumped_hydro,NO_bus_el,NO_storage_pumped_hydro,,17291,,,,,,0,,991000,0,0.894,0.894,0.5,0,1,
Sink,NO_load,NO_bus_el,NO_load,,17981,,,,seq,,,TRUE,,,,,,,,
,,,,,,,,,,,,,,,,,,,,
### PL,,,,,,,,,,,,,,,,,,,,
Sink,PL_excess,PL_bus_el,PL_excess,,,,,,,,0.00000001,,,,,,,,,
Source,PL_shortage,PL_shortage,PL_bus_el,,,,,,,,1000,,,,,,,,,
LinearTransformer,PL_pp_gas,PL_pp_gas,PL_bus_el,0.425,3000,,,,,24000,0.5,,,,,,,,,
LinearTransformer,PL_pp_gas,GL_bus_gas,PL_pp_gas,,,,,,,,,,,,,,,,,
LinearTransformer,PL_pp_biomass,PL_pp_biomass,PL_bus_el,0.38,14250,,,2184,,29000,3.9,,,,,,,,,
LinearTransformer,PL_pp_biomass,GL_bus_biomass,PL_pp_biomass,,,,,,,,,,,,,,,,,
Source,PL_run_of_river,PL_run_of_river,PL_bus_el,,2079,,,,0.65,,,TRUE,,,,,,,,
Source,PL_solar,PL_solar,PL_bus_el,,24220,,,,seq,,,TRUE,,,,,,,,
Source,PL_wind_onshore,PL_wind_onshore,PL_bus_el,,81918,,,,seq,,,TRUE,,,,,,,,
Storage,PL_storage_a_caes,PL_storage_a_caes,PL_bus_el,,1724.03,,,,,,0,,,,,,,,,
Storage,PL_storage_a_caes,PL_bus_el,PL_storage_a_caes,,1724.03,,,,,,0,,5172.09,0,0.837,0.837,0.5,0,1,
Storage,PL_storage_hydrogen,PL_storage_hydrogen,PL_bus_el,,311.1,,,,,,0,,,,,,,,,
Storage,PL_storage_hydrogen,PL_bus_el,PL_storage_hydrogen,,311.1,,,,,,0,,3111.03,0,0.632,0.632,0.5,0,1,
Storage,PL_storage_lithium_ion,PL_storage_lithium_ion,PL_bus_el,,4517.47,,,,,,0,,,,,,,,,
Storage,PL_storage_lithium_ion,PL_bus_el,PL_storage_lithium_ion,,4517.47,,,,,,0,,22587.36,0,0.975,0.975,0.5,0,1,
Storage,PL_storage_pumped_hydro,PL_storage_pumped_hydro,PL_bus_el,,3790,,,,,,0,,,,,,,,,
Storage,PL_storage_pumped_hydro,PL_bus_el,PL_storage_pumped_hydro,,3790,,,,,,0,,37900,0,0.894,0.894,0.5,0,1,
Storage,PL_storage_redox_flow,PL_storage_redox_flow,PL_bus_el,,38.89,,,,,,0,,,,,,,,,
Storage,PL_storage_redox_flow,PL_bus_el,PL_storage_redox_flow,,38.89,,,,,,0,,129.63,0,0.866,0.866,0.5,0,1,
Sink,PL_load,PL_bus_el,PL_load,,30718,,,,seq,,,TRUE,,,,,,,,
,,,,,,,,,,,,,,,,,,,,
### SE,,,,,,,,,,,,,,,,,,,,
Sink,SE_excess,SE_bus_el,SE_excess,,,,,,,,0.00000001,,,,,,,,,
Source,SE_shortage,SE_shortage,SE_bus_el,,,,,,,,1000,,,,,,,,,
LinearTransformer,SE_pp_biomass,SE_pp_biomass,SE_bus_el,0.38,5500,,,1445,,29000,3.9,,,,,,,,,
LinearTransformer,SE_pp_biomass,GL_bus_biomass,SE_pp_biomass,,,,,,,,,,,,,,,,,
Source,SE_run_of_river,SE_run_of_river,SE_bus_el,,2446,,,,0.65,,,TRUE,,,,,,,,
Source,SE_hydro,SE_hydro,SE_bus_el,,21383,,seq,3878,,,,,,,,,,,,
Source,SE_solar,SE_solar,SE_bus_el,,8919,,,,seq,,,TRUE,,,,,,,,
Source,SE_wind_onshore,SE_wind_onshore,SE_bus_el,,24211,,,,seq,,,TRUE,,,,,,,,
Source,SE_wind_offshore,SE_wind_offshore,SE_bus_el,,3000,,,,seq,,,TRUE,,,,,,,,
Storage,SE_storage_lithium_ion,SE_storage_lithium_ion,SE_bus_el,,3209.92,,,,,,0,,,,,,,,,
Storage,SE_storage_lithium_ion,SE_bus_el,SE_storage_lithium_ion,,3209.92,,,,,,0,,16049.6,0,0.975,0.975,0.5,0,1,
Sink,SE_load,SE_bus_el,SE_load,,23826,,,,seq,,,TRUE,,,,,,,,
### ,,,,,,,,,,,,,,,,,,,,
### ,,,,,,,,,,,,,,,,,,,,
### e-highway reinforcement 2050 100% RE + 4000 north-south and 6000 west-ost in DE,,,,,,,,,,,,,,,,,,,,
### NET TRANSFER CAPACITIES,,,,,,,,,,,,,,,,,,,,
LinearTransformer,AT_CH_powerline,AT_bus_el,AT_CH_powerline,,,,,,,,,,,,,,,,,
LinearTransformer,AT_CH_powerline,AT_CH_powerline,CH_bus_el,0.97,2400,,,,,,,,,,,,,,,
LinearTransformer,AT_CZ_powerline,AT_bus_el,AT_CZ_powerline,,,,,,,,,,,,,,,,,
LinearTransformer,AT_CZ_powerline,AT_CZ_powerline,CZ_bus_el,0.97,2100,,,,,,,,,,,,,,,
LinearTransformer,AT_DEdr10_powerline,AT_bus_el,AT_DEdr10_powerline,,,,,,,,,,,,,,,,,
LinearTransformer,AT_DEdr10_powerline,AT_DEdr10_powerline,DEdr10_bus_el,0.97,10500,,,,,,,,,,,,,,,
LinearTransformer,AT_DEdr12_powerline,AT_bus_el,AT_DEdr12_powerline,,,,,,,,,,,,,,,,,
LinearTransformer,AT_DEdr12_powerline,AT_DEdr12_powerline,DEdr12_bus_el,0.97,2800,,,,,,,,,,,,,,,
LinearTransformer,AT_DEdr18_powerline,AT_bus_el,AT_DEdr18_powerline,,,,,,,,,,,,,,,,,
LinearTransformer,AT_DEdr18_powerline,AT_DEdr18_powerline,DEdr18_bus_el,0.97,5500,,,,,,,,,,,,,,,
LinearTransformer,BE_FR_powerline,BE_bus_el,BE_FR_powerline,,,,,,,,,,,,,,,,,
LinearTransformer,BE_FR_powerline,BE_FR_powerline,FR_bus_el,0.97,7600,,,,,,,,,,,,,,,
LinearTransformer,BE_LU_powerline,BE_bus_el,BE_LU_powerline,,,,,,,,,,,,,,,,,
LinearTransformer,BE_LU_powerline,BE_LU_powerline,LU_bus_el,0.97,700,,,,,,,,,,,,,,,
LinearTransformer,BE_NL_powerline,BE_bus_el,BE_NL_powerline,,,,,,,,,,,,,,,,,
LinearTransformer,BE_NL_powerline,BE_NL_powerline,NL_bus_el,0.97,13500,,,,,,,,,,,,,,,
LinearTransformer,BE_DEdr08_powerline,BE_bus_el,BE_DEdr08_powerline,,,,,,,,,,,,,,,,,
LinearTransformer,BE_DEdr08_powerline,BE_DEdr08_powerline,DEdr08_bus_el,0.97,6000,,,,,,,,,,,,,,,
LinearTransformer,CH_AT_powerline,CH_bus_el,CH_AT_powerline,,,,,,,,,,,,,,,,,
LinearTransformer,CH_AT_powerline,CH_AT_powerline,AT_bus_el,0.97,2400,,,,,,,,,,,,,,,
LinearTransformer,CH_DEdr12_powerline,CH_bus_el,CH_DEdr12_powerline,,,,,,,,,,,,,,,,,
LinearTransformer,CH_DEdr12_powerline,CH_DEdr12_powerline,DEdr12_bus_el,0.97,6000,,,,,,,,,,,,,,,
LinearTransformer,CH_FR_powerline,CH_bus_el,CH_FR_powerline,,,,,,,,,,,,,,,,,
LinearTransformer,CH_FR_powerline,CH_FR_powerline,FR_bus_el,0.97,9500,,,,,,,,,,,,,,,
LinearTransformer,CZ_AT_powerline,CZ_bus_el,CZ_AT_powerline,,,,,,,,,,,,,,,,,
LinearTransformer,CZ_AT_powerline,CZ_AT_powerline,AT_bus_el,0.97,2100,,,,,,,,,,,,,,,
LinearTransformer,CZ_DEdr04_powerline,CZ_bus_el,CZ_DEdr04_powerline,,,,,,,,,,,,,,,,,
LinearTransformer,CZ_DEdr04_powerline,CZ_DEdr04_powerline,DEdr04_bus_el,0.97,1700,,,,,,,,,,,,,,,
LinearTransformer,CZ_DEdr17_powerline,CZ_bus_el,CZ_DEdr17_powerline,,,,,,,,,,,,,,,,,
LinearTransformer,CZ_DEdr17_powerline,CZ_DEdr17_powerline,DEdr17_bus_el,0.97,2000,,,,,,,,,,,,,,,
LinearTransformer,CZ_PL_powerline,CZ_bus_el,CZ_PL_powerline,,,,,,,,,,,,,,,,,
LinearTransformer,CZ_PL_powerline,CZ_PL_powerline,PL_bus_el,0.97,4100,,,,,,,,,,,,,,,
LinearTransformer,DEdr01_DEdr03_powerline,DEdr01_bus_el,DEdr01_DEdr03_powerline,,,,,,,,,,,,,,,,,
LinearTransformer,DEdr01_DEdr03_powerline,DEdr01_DEdr03_powerline,DEdr03_bus_el,0.97,7884,,,,,,,,,,,,,,,
LinearTransformer,DEdr01_DEdr04_powerline,DEdr01_bus_el,DEdr01_DEdr04_powerline,,,,,,,,,,,,,,,,,
LinearTransformer,DEdr01_DEdr04_powerline,DEdr01_DEdr04_powerline,DEdr04_bus_el,0.97,4418,,,,,,,,,,,,,,,
LinearTransformer,DEdr01_DEdr14_powerline,DEdr01_bus_el,DEdr01_DEdr14_powerline,,,,,,,,,,,,,,,,,
LinearTransformer,DEdr01_DEdr14_powerline,DEdr01_DEdr14_powerline,DEdr14_bus_el,0.97,3685,,,,,,,,,,,,,,,
LinearTransformer,DEdr01_DEdr15_powerline,DEdr01_bus_el,DEdr01_DEdr15_powerline,,,,,,,,,,,,,,,,,
LinearTransformer,DEdr01_DEdr15_powerline,DEdr01_DEdr15_powerline,DEdr15_bus_el,0.97,5342,,,,,,,,,,,,,,,
LinearTransformer,DEdr01_DK_powerline,DEdr01_bus_el,DEdr01_DK_powerline,,,,,,,,,,,,,,,,,
LinearTransformer,DEdr01_DK_powerline,DEdr01_DK_powerline,DK_bus_el,0.97,600,,,,,,,,,,,,,,,
LinearTransformer,DEdr01_SE_powerline,DEdr01_bus_el,DEdr01_SE_powerline,,,,,,,,,,,,,,,,,
LinearTransformer,DEdr01_SE_powerline,DEdr01_SE_powerline,SE_bus_el,0.97,11000,,,,,,,,,,,,,,,
LinearTransformer,DEdr01_PL_powerline,DEdr01_bus_el,DEdr01_PL_powerline,,,,,,,,,,,,,,,,,
LinearTransformer,DEdr01_PL_powerline,DEdr01_PL_powerline,PL_bus_el,0.97,3400,,,,,,,,,,,,,,,
LinearTransformer,DEdr02_DEdr13_powerline,DEdr02_bus_el,DEdr02_DEdr13_powerline,,,,,,,,,,,,,,,,,
LinearTransformer,DEdr02_DEdr13_powerline,DEdr02_DEdr13_powerline,DEdr13_bus_el,0.97,4028,,,,,,,,,,,,,,,
LinearTransformer,DEdr02_DEdr14_powerline,DEdr02_bus_el,DEdr02_DEdr14_powerline,,,,,,,,,,,,,,,,,
LinearTransformer,DEdr02_DEdr14_powerline,DEdr02_DEdr14_powerline,DEdr14_bus_el,0.97,2684,,,,,,,,,,,,,,,
LinearTransformer,DEdr03_DEdr01_powerline,DEdr03_bus_el,DEdr03_DEdr01_powerline,,,,,,,,,,,,,,,,,
LinearTransformer,DEdr03_DEdr01_powerline,DEdr03_DEdr01_powerline,DEdr01_bus_el,0.97,7884,,,,,,,,,,,,,,,
LinearTransformer,DEdr03_DEdr04_powerline,DEdr03_bus_el,DEdr03_DEdr04_powerline,,,,,,,,,,,,,,,,,
LinearTransformer,DEdr03_DEdr04_powerline,DEdr03_DEdr04_powerline,DEdr04_bus_el,0.97,17252,,,,,,,,,,,,,,,
LinearTransformer,DEdr03_DEdr10_powerline,DEdr03_bus_el,DEdr03_DEdr10_powerline,,,,,,,,,,,,,,,,,
LinearTransformer,DEdr03_DEdr10_powerline,DEdr03_DEdr10_powerline,DEdr10_bus_el,0.97,3583,,,,,,,,,,,,,,,
LinearTransformer,DEdr03_DEdr16_powerline,DEdr03_bus_el,DEdr03_DEdr16_powerline,,,,,,,,,,,,,,,,,
LinearTransformer,DEdr03_DEdr16_powerline,DEdr03_DEdr16_powerline,DEdr16_bus_el,0.97,10342,,,,,,,,,,,,,,,
LinearTransformer,DEdr03_DEdr17_powerline,DEdr03_bus_el,DEdr03_DEdr17_powerline,,,,,,,,,,,,,,,,,
LinearTransformer,DEdr03_DEdr17_powerline,DEdr03_DEdr17_powerline,DEdr17_bus_el,0.97,5370,,,,,,,,,,,,,,,
LinearTransformer,DEdr04_CZ_powerline,DEdr04_bus_el,DEdr04_CZ_powerline,,,,,,,,,,,,,,,,,
LinearTransformer,DEdr04_CZ_powerline,DEdr04_CZ_powerline,CZ_bus_el,0.97,1700,,,,,,,,,,,,,,,
LinearTransformer,DEdr04_DEdr01_powerline,DEdr04_bus_el,DEdr04_DEdr01_powerline,,,,,,,,,,,,,,,,,
LinearTransformer,DEdr04_DEdr01_powerline,DEdr04_DEdr01_powerline,DEdr01_bus_el,0.97,4418,,,,,,,,,,,,,,,
LinearTransformer,DEdr04_DEdr03_powerline,DEdr04_bus_el,DEdr04_DEdr03_powerline,,,,,,,,,,,,,,,,,
LinearTransformer,DEdr04_DEdr03_powerline,DEdr04_DEdr03_powerline,DEdr03_bus_el,0.97,17252,,,,,,,,,,,,,,,
LinearTransformer,DEdr04_PL_powerline,DEdr04_bus_el,DEdr04_PL_powerline,,,,,,,,,,,,,,,,,
LinearTransformer,DEdr04_PL_powerline,DEdr04_PL_powerline,PL_bus_el,0.97,11700,,,,,,,,,,,,,,,
LinearTransformer,DEdr05_DEdr06_powerline,DEdr05_bus_el,DEdr05_DEdr06_powerline,,,,,,,,,,,,,,,,,
LinearTransformer,DEdr05_DEdr06_powerline,DEdr05_DEdr06_powerline,DEdr06_bus_el,0.97,4418,,,,,,,,,,,,,,,
LinearTransformer,DEdr05_DEdr07_powerline,DEdr05_bus_el,DEdr05_DEdr07_powerline,,,,,,,,,,,,,,,,,
LinearTransformer,DEdr05_DEdr07_powerline,DEdr05_DEdr07_powerline,DEdr07_bus_el,0.97,3466,,,,,,,,,,,,,,,
LinearTransformer,DEdr05_DEdr14_powerline,DEdr05_bus_el,DEdr05_DEdr14_powerline,,,,,,,,,,,,,,,,,
LinearTransformer,DEdr05_DEdr14_powerline,DEdr05_DEdr14_powerline,DEdr14_bus_el,0.97,5760,,,,,,,,,,,,,,,
LinearTransformer,DEdr05_DEdr15_powerline,DEdr05_bus_el,DEdr05_DEdr15_powerline,,,,,,,,,,,,,,,,,
LinearTransformer,DEdr05_DEdr15_powerline,DEdr05_DEdr15_powerline,DEdr15_bus_el,0.97,3251,,,,,,,,,,,,,,,
LinearTransformer,DEdr06_DEdr05_powerline,DEdr06_bus_el,DEdr06_DEdr05_powerline,,,,,,,,,,,,,,,,,
LinearTransformer,DEdr06_DEdr05_powerline,DEdr06_DEdr05_powerline,DEdr05_bus_el,0.97,4418,,,,,,,,,,,,,,,
LinearTransformer,DEdr06_DEdr07_powerline,DEdr06_bus_el,DEdr06_DEdr07_powerline,,,,,,,,,,,,,,,,,
LinearTransformer,DEdr06_DEdr07_powerline,DEdr06_DEdr07_powerline,DEdr07_bus_el,0.97,15593,,,,,,,,,,,,,,,
LinearTransformer,DEdr06_DEdr08_powerline,DEdr06_bus_el,DEdr06_DEdr08_powerline,,,,,,,,,,,,,,,,,
LinearTransformer,DEdr06_DEdr08_powerline,DEdr06_DEdr08_powerline,DEdr08_bus_el,0.97,15766,,,,,,,,,,,,,,,
LinearTransformer,DEdr06_DEdr11_powerline,DEdr06_bus_el,DEdr06_DEdr11_powerline,,,,,,,,,,,,,,,,,
LinearTransformer,DEdr06_DEdr11_powerline,DEdr06_DEdr11_powerline,DEdr11_bus_el,0.97,2000,,,,,,,,,,,,,,,
LinearTransformer,DEdr06_DEdr14_powerline,DEdr06_bus_el,DEdr06_DEdr14_powerline,,,,,,,,,,,,,,,,,
LinearTransformer,DEdr06_DEdr14_powerline,DEdr06_DEdr14_powerline,DEdr14_bus_el,0.97,2000,,,,,,,,,,,,,,,
LinearTransformer,DEdr06_NL_powerline,DEdr06_bus_el,DEdr06_NL_powerline,,,,,,,,,,,,,,,,,
LinearTransformer,DEdr06_NL_powerline,DEdr06_NL_powerline,NL_bus_el,0.97,3550,,,,,,,,,,,,,,,
LinearTransformer,DEdr07_DEdr05_powerline,DEdr07_bus_el,DEdr07_DEdr05_powerline,,,,,,,,,,,,,,,,,
LinearTransformer,DEdr07_DEdr05_powerline,DEdr07_DEdr05_powerline,DEdr05_bus_el,0.97,3466,,,,,,,,,,,,,,,
LinearTransformer,DEdr07_DEdr06_powerline,DEdr07_bus_el,DEdr07_DEdr06_powerline,,,,,,,,,,,,,,,,,
LinearTransformer,DEdr07_DEdr06_powerline,DEdr07_DEdr06_powerline,DEdr06_bus_el,0.97,15593,,,,,,,,,,,,,,,
LinearTransformer,DEdr07_DEdr08_powerline,DEdr07_bus_el,DEdr07_DEdr08_powerline,,,,,,,,,,,,,,,,,
LinearTransformer,DEdr07_DEdr08_powerline,DEdr07_DEdr08_powerline,DEdr08_bus_el,0.97,2513,,,,,,,,,,,,,,,
LinearTransformer,DEdr07_DEdr15_powerline,DEdr07_bus_el,DEdr07_DEdr15_powerline,,,,,,,,,,,,,,,,,
LinearTransformer,DEdr07_DEdr15_powerline,DEdr07_DEdr15_powerline,DEdr15_bus_el,0.97,1343,,,,,,,,,,,,,,,
LinearTransformer,DEdr07_DEdr16_powerline,DEdr07_bus_el,DEdr07_DEdr16_powerline,,,,,,,,,,,,,,,,,
LinearTransformer,DEdr07_DEdr16_powerline,DEdr07_DEdr16_powerline,DEdr16_bus_el,0.97,2685,,,,,,,,,,,,,,,
LinearTransformer,DEdr08_BE_powerline,DEdr08_bus_el,DEdr08_BE_powerline,,,,,,,,,,,,,,,,,
LinearTransformer,DEdr08_BE_powerline,DEdr08_BE_powerline,BE_bus_el,0.97,6000,,,,,,,,,,,,,,,
LinearTransformer,DEdr08_DEdr06_powerline,DEdr08_bus_el,DEdr08_DEdr06_powerline,,,,,,,,,,,,,,,,,
LinearTransformer,DEdr08_DEdr06_powerline,DEdr08_DEdr06_powerline,DEdr06_bus_el,0.97,15766,,,,,,,,,,,,,,,
LinearTransformer,DEdr08_DEdr07_powerline,DEdr08_bus_el,DEdr08_DEdr07_powerline,,,,,,,,,,,,,,,,,
LinearTransformer,DEdr08_DEdr07_powerline,DEdr08_DEdr07_powerline,DEdr07_bus_el,0.97,2513,,,,,,,,,,,,,,,
LinearTransformer,DEdr08_DEdr09_powerline,DEdr08_bus_el,DEdr08_DEdr09_powerline,,,,,,,,,,,,,,,,,
LinearTransformer,DEdr08_DEdr09_powerline,DEdr08_DEdr09_powerline,DEdr09_bus_el,0.97,8836,,,,,,,,,,,,,,,
LinearTransformer,DEdr08_DEdr16_powerline,DEdr08_bus_el,DEdr08_DEdr16_powerline,,,,,,,,,,,,,,,,,
LinearTransformer,DEdr08_DEdr16_powerline,DEdr08_DEdr16_powerline,DEdr16_bus_el,0.97,2685,,,,,,,,,,,,,,,
LinearTransformer,DEdr08_NL_powerline,DEdr08_bus_el,DEdr08_NL_powerline,,,,,,,,,,,,,,,,,
LinearTransformer,DEdr08_NL_powerline,DEdr08_NL_powerline,NL_bus_el,0.97,3550,,,,,,,,,,,,,,,
LinearTransformer,DEdr09_DEdr08_powerline,DEdr09_bus_el,DEdr09_DEdr08_powerline,,,,,,,,,,,,,,,,,
LinearTransformer,DEdr09_DEdr08_powerline,DEdr09_DEdr08_powerline,DEdr08_bus_el,0.97,8836,,,,,,,,,,,,,,,
LinearTransformer,DEdr09_DEdr11_powerline,DEdr09_bus_el,DEdr09_DEdr11_powerline,,,,,,,,,,,,,,,,,
LinearTransformer,DEdr09_DEdr11_powerline,DEdr09_DEdr11_powerline,DEdr11_bus_el,0.97,10574,,,,,,,,,,,,,,,
LinearTransformer,DEdr09_DEdr16_powerline,DEdr09_bus_el,DEdr09_DEdr16_powerline,,,,,,,,,,,,,,,,,
LinearTransformer,DEdr09_DEdr16_powerline,DEdr09_DEdr16_powerline,DEdr16_bus_el,0.97,8491,,,,,,,,,,,,,,,
LinearTransformer,DEdr09_DEdr17_powerline,DEdr09_bus_el,DEdr09_DEdr17_powerline,,,,,,,,,,,,,,,,,
LinearTransformer,DEdr09_DEdr17_powerline,DEdr09_DEdr17_powerline,DEdr17_bus_el,0.97,2685,,,,,,,,,,,,,,,
LinearTransformer,DEdr09_FR_powerline,DEdr09_bus_el,DEdr09_FR_powerline,,,,,,,,,,,,,,,,,
LinearTransformer,DEdr09_FR_powerline,DEdr09_FR_powerline,FR_bus_el,0.97,7100,,,,,,,,,,,,,,,
LinearTransformer,DEdr09_LU_powerline,DEdr09_bus_el,DEdr09_LU_powerline,,,,,,,,,,,,,,,,,
LinearTransformer,DEdr09_LU_powerline,DEdr09_LU_powerline,LU_bus_el,0.97,2900,,,,,,,,,,,,,,,
LinearTransformer,DEdr10_AT_powerline,DEdr10_bus_el,DEdr10_AT_powerline,,,,,,,,,,,,,,,,,
LinearTransformer,DEdr10_AT_powerline,DEdr10_AT_powerline,AT_bus_el,0.97,10500,,,,,,,,,,,,,,,
LinearTransformer,DEdr10_DEdr03_powerline,DEdr10_bus_el,DEdr10_DEdr03_powerline,,,,,,,,,,,,,,,,,
LinearTransformer,DEdr10_DEdr03_powerline,DEdr10_DEdr03_powerline,DEdr03_bus_el,0.97,3583,,,,,,,,,,,,,,,
LinearTransformer,DEdr10_DEdr11_powerline,DEdr10_bus_el,DEdr10_DEdr11_powerline,,,,,,,,,,,,,,,,,
LinearTransformer,DEdr10_DEdr11_powerline,DEdr10_DEdr11_powerline,DEdr11_bus_el,0.97,1343,,,,,,,,,,,,,,,
LinearTransformer,DEdr10_DEdr12_powerline,DEdr10_bus_el,DEdr10_DEdr12_powerline,,,,,,,,,,,,,,,,,
LinearTransformer,DEdr10_DEdr12_powerline,DEdr10_DEdr12_powerline,DEdr12_bus_el,0.97,1733,,,,,,,,,,,,,,,
LinearTransformer,DEdr10_DEdr18_powerline,DEdr10_bus_el,DEdr10_DEdr18_powerline,,,,,,,,,,,,,,,,,
LinearTransformer,DEdr10_DEdr18_powerline,DEdr10_DEdr18_powerline,DEdr18_bus_el,0.97,2685,,,,,,,,,,,,,,,
LinearTransformer,DEdr11_DEdr06_powerline,DEdr11_bus_el,DEdr11_DEdr06_powerline,,,,,,,,,,,,,,,,,
LinearTransformer,DEdr11_DEdr06_powerline,DEdr11_DEdr06_powerline,DEdr06_bus_el,0.97,2000,,,,,,,,,,,,,,,
LinearTransformer,DEdr11_DEdr09_powerline,DEdr11_bus_el,DEdr11_DEdr09_powerline,,,,,,,,,,,,,,,,,
LinearTransformer,DEdr11_DEdr09_powerline,DEdr11_DEdr09_powerline,DEdr09_bus_el,0.97,10574,,,,,,,,,,,,,,,
LinearTransformer,DEdr11_DEdr10_powerline,DEdr11_bus_el,DEdr11_DEdr10_powerline,,,,,,,,,,,,,,,,,
LinearTransformer,DEdr11_DEdr10_powerline,DEdr11_DEdr10_powerline,DEdr10_bus_el,0.97,1343,,,,,,,,,,,,,,,
LinearTransformer,DEdr11_DEdr12_powerline,DEdr11_bus_el,DEdr11_DEdr12_powerline,,,,,,,,,,,,,,,,,
LinearTransformer,DEdr11_DEdr12_powerline,DEdr11_DEdr12_powerline,DEdr12_bus_el,0.97,17767,,,,,,,,,,,,,,,
LinearTransformer,DEdr11_DEdr13_powerline,DEdr11_bus_el,DEdr11_DEdr13_powerline,,,,,,,,,,,,,,,,,
LinearTransformer,DEdr11_DEdr13_powerline,DEdr11_DEdr13_powerline,DEdr13_bus_el,0.97,4000,,,,,,,,,,,,,,,
LinearTransformer,DEdr11_DEdr17_powerline,DEdr11_bus_el,DEdr11_DEdr17_powerline,,,,,,,,,,,,,,,,,
LinearTransformer,DEdr11_DEdr17_powerline,DEdr11_DEdr17_powerline,DEdr17_bus_el,0.97,2686,,,,,,,,,,,,,,,
LinearTransformer,DEdr12_AT_powerline,DEdr12_bus_el,DEdr12_AT_powerline,,,,,,,,,,,,,,,,,
LinearTransformer,DEdr12_AT_powerline,DEdr12_AT_powerline,AT_bus_el,0.97,2800,,,,,,,,,,,,,,,
LinearTransformer,DEdr12_CH_powerline,DEdr12_bus_el,DEdr12_CH_powerline,,,,,,,,,,,,,,,,,
LinearTransformer,DEdr12_CH_powerline,DEdr12_CH_powerline,CH_bus_el,0.97,6000,,,,,,,,,,,,,,,
LinearTransformer,DEdr12_DEdr10_powerline,DEdr12_bus_el,DEdr12_DEdr10_powerline,,,,,,,,,,,,,,,,,
LinearTransformer,DEdr12_DEdr10_powerline,DEdr12_DEdr10_powerline,DEdr10_bus_el,0.97,1733,,,,,,,,,,,,,,,
LinearTransformer,DEdr12_DEdr11_powerline,DEdr12_bus_el,DEdr12_DEdr11_powerline,,,,,,,,,,,,,,,,,
LinearTransformer,DEdr12_DEdr11_powerline,DEdr12_DEdr11_powerline,DEdr11_bus_el,0.97,17767,,,,,,,,,,,,,,,
LinearTransformer,DEdr12_FR_powerline,DEdr12_bus_el,DEdr12_FR_powerline,,,,,,,,,,,,,,,,,
LinearTransformer,DEdr12_FR_powerline,DEdr12_FR_powerline,FR_bus_el,0.97,1800,,,,,,,,,,,,,,,
LinearTransformer,DEdr13_DEdr02_powerline,DEdr13_bus_el,DEdr13_DEdr02_powerline,,,,,,,,,,,,,,,,,
LinearTransformer,DEdr13_DEdr02_powerline,DEdr13_DEdr02_powerline,DEdr02_bus_el,0.97,4028,,,,,,,,,,,,,,,
LinearTransformer,DEdr13_DEdr11_powerline,DEdr13_bus_el,DEdr13_DEdr11_powerline,,,,,,,,,,,,,,,,,
LinearTransformer,DEdr13_DEdr11_powerline,DEdr13_DEdr11_powerline,DEdr11_bus_el,0.97,4000,,,,,,,,,,,,,,,
LinearTransformer,DEdr13_DEdr14_powerline,DEdr13_bus_el,DEdr13_DEdr14_powerline,,,,,,,,,,,,,,,,,
LinearTransformer,DEdr13_DEdr14_powerline,DEdr13_DEdr14_powerline,DEdr14_bus_el,0.97,8835,,,,,,,,,,,,,,,
LinearTransformer,DEdr13_DEdr17_powerline,DEdr13_bus_el,DEdr13_DEdr17_powerline,,,,,,,,,,,,,,,,,
LinearTransformer,DEdr13_DEdr17_powerline,DEdr13_DEdr17_powerline,DEdr17_bus_el,0.97,4000,,,,,,,,,,,,,,,
LinearTransformer,DEdr13_DK_powerline,DEdr13_bus_el,DEdr13_DK_powerline,,,,,,,,,,,,,,,,,
LinearTransformer,DEdr13_DK_powerline,DEdr13_DK_powerline,DK_bus_el,0.97,3000,,,,,,,,,,,,,,,
LinearTransformer,DEdr13_NO_powerline,DEdr13_bus_el,DEdr13_NO_powerline,,,,,,,,,,,,,,,,,
LinearTransformer,DEdr13_NO_powerline,DEdr13_NO_powerline,NO_bus_el,0.97,10400,,,,,,,,,,,,,,,
LinearTransformer,DEdr13_SE_powerline,DEdr13_bus_el,DEdr13_SE_powerline,,,,,,,,,,,,,,,,,
LinearTransformer,DEdr13_SE_powerline,DEdr13_SE_powerline,SE_bus_el,0.97,5200,,,,,,,,,,,,,,,
LinearTransformer,DEdr14_DEdr01_powerline,DEdr14_bus_el,DEdr14_DEdr01_powerline,,,,,,,,,,,,,,,,,
LinearTransformer,DEdr14_DEdr01_powerline,DEdr14_DEdr01_powerline,DEdr01_bus_el,0.97,3685,,,,,,,,,,,,,,,
LinearTransformer,DEdr14_DEdr02_powerline,DEdr14_bus_el,DEdr14_DEdr02_powerline,,,,,,,,,,,,,,,,,
LinearTransformer,DEdr14_DEdr02_powerline,DEdr14_DEdr02_powerline,DEdr02_bus_el,0.97,2685,,,,,,,,,,,,,,,
LinearTransformer,DEdr14_DEdr05_powerline,DEdr14_bus_el,DEdr14_DEdr05_powerline,,,,,,,,,,,,,,,,,
LinearTransformer,DEdr14_DEdr05_powerline,DEdr14_DEdr05_powerline,DEdr05_bus_el,0.97,5760,,,,,,,,,,,,,,,
LinearTransformer,DEdr14_DEdr06_powerline,DEdr14_bus_el,DEdr14_DEdr06_powerline,,,,,,,,,,,,,,,,,
LinearTransformer,DEdr14_DEdr06_powerline,DEdr14_DEdr06_powerline,DEdr06_bus_el,0.97,2000,,,,,,,,,,,,,,,
LinearTransformer,DEdr14_DEdr13_powerline,DEdr14_bus_el,DEdr14_DEdr13_powerline,,,,,,,,,,,,,,,,,
LinearTransformer,DEdr14_DEdr13_powerline,DEdr14_DEdr13_powerline,DEdr13_bus_el,0.97,8835,,,,,,,,,,,,,,,
LinearTransformer,DEdr14_DEdr15_powerline,DEdr14_bus_el,DEdr14_DEdr15_powerline,,,,,,,,,,,,,,,,,
LinearTransformer,DEdr14_DEdr15_powerline,DEdr14_DEdr15_powerline,DEdr15_bus_el,0.97,10354,,,,,,,,,,,,,,,
LinearTransformer,DEdr14_NL_powerline,DEdr14_bus_el,DEdr14_NL_powerline,,,,,,,,,,,,,,,,,
LinearTransformer,DEdr14_NL_powerline,DEdr14_NL_powerline,NL_bus_el,0.97,1400,,,,,,,,,,,,,,,
LinearTransformer,DEdr15_DEdr01_powerline,DEdr15_bus_el,DEdr15_DEdr01_powerline,,,,,,,,,,,,,,,,,
LinearTransformer,DEdr15_DEdr01_powerline,DEdr15_DEdr01_powerline,DEdr01_bus_el,0.97,5342,,,,,,,,,,,,,,,
LinearTransformer,DEdr15_DEdr05_powerline,DEdr15_bus_el,DEdr15_DEdr05_powerline,,,,,,,,,,,,,,,,,
LinearTransformer,DEdr15_DEdr05_powerline,DEdr15_DEdr05_powerline,DEdr05_bus_el,0.97,3251,,,,,,,,,,,,,,,
LinearTransformer,DEdr15_DEdr07_powerline,DEdr15_bus_el,DEdr15_DEdr07_powerline,,,,,,,,,,,,,,,,,
LinearTransformer,DEdr15_DEdr07_powerline,DEdr15_DEdr07_powerline,DEdr07_bus_el,0.97,1343,,,,,,,,,,,,,,,
LinearTransformer,DEdr15_DEdr14_powerline,DEdr15_bus_el,DEdr15_DEdr14_powerline,,,,,,,,,,,,,,,,,
LinearTransformer,DEdr15_DEdr14_powerline,DEdr15_DEdr14_powerline,DEdr14_bus_el,0.97,10354,,,,,,,,,,,,,,,
LinearTransformer,DEdr15_DEdr16_powerline,DEdr15_bus_el,DEdr15_DEdr16_powerline,,,,,,,,,,,,,,,,,
LinearTransformer,DEdr15_DEdr16_powerline,DEdr15_DEdr16_powerline,DEdr16_bus_el,0.97,9225,,,,,,,,,,,,,,,
LinearTransformer,DEdr16_DEdr03_powerline,DEdr16_bus_el,DEdr16_DEdr03_powerline,,,,,,,,,,,,,,,,,
LinearTransformer,DEdr16_DEdr03_powerline,DEdr16_DEdr03_powerline,DEdr03_bus_el,0.97,10342,,,,,,,,,,,,,,,
LinearTransformer,DEdr16_DEdr07_powerline,DEdr16_bus_el,DEdr16_DEdr07_powerline,,,,,,,,,,,,,,,,,
LinearTransformer,DEdr16_DEdr07_powerline,DEdr16_DEdr07_powerline,DEdr07_bus_el,0.97,2685,,,,,,,,,,,,,,,
LinearTransformer,DEdr16_DEdr08_powerline,DEdr16_bus_el,DEdr16_DEdr08_powerline,,,,,,,,,,,,,,,,,
LinearTransformer,DEdr16_DEdr08_powerline,DEdr16_DEdr08_powerline,DEdr08_bus_el,0.97,2685,,,,,,,,,,,,,,,
LinearTransformer,DEdr16_DEdr09_powerline,DEdr16_bus_el,DEdr16_DEdr09_powerline,,,,,,,,,,,,,,,,,
LinearTransformer,DEdr16_DEdr09_powerline,DEdr16_DEdr09_powerline,DEdr09_bus_el,0.97,8491,,,,,,,,,,,,,,,
LinearTransformer,DEdr16_DEdr15_powerline,DEdr16_bus_el,DEdr16_DEdr15_powerline,,,,,,,,,,,,,,,,,
LinearTransformer,DEdr16_DEdr15_powerline,DEdr16_DEdr15_powerline,DEdr15_bus_el,0.97,9225,,,,,,,,,,,,,,,
LinearTransformer,DEdr16_DEdr17_powerline,DEdr16_bus_el,DEdr16_DEdr17_powerline,,,,,,,,,,,,,,,,,
LinearTransformer,DEdr16_DEdr17_powerline,DEdr16_DEdr17_powerline,DEdr17_bus_el,0.97,3465,,,,,,,,,,,,,,,
LinearTransformer,DEdr17_CZ_powerline,DEdr17_bus_el,DEdr17_CZ_powerline,,,,,,,,,,,,,,,,,
LinearTransformer,DEdr17_CZ_powerline,DEdr17_CZ_powerline,CZ_bus_el,0.97,2000,,,,,,,,,,,,,,,
LinearTransformer,DEdr17_DEdr03_powerline,DEdr17_bus_el,DEdr17_DEdr03_powerline,,,,,,,,,,,,,,,,,
LinearTransformer,DEdr17_DEdr03_powerline,DEdr17_DEdr03_powerline,DEdr03_bus_el,0.97,5370,,,,,,,,,,,,,,,
LinearTransformer,DEdr17_DEdr09_powerline,DEdr17_bus_el,DEdr17_DEdr09_powerline,,,,,,,,,,,,,,,,,
LinearTransformer,DEdr17_DEdr09_powerline,DEdr17_DEdr09_powerline,DEdr09_bus_el,0.97,2685,,,,,,,,,,,,,,,
LinearTransformer,DEdr17_DEdr11_powerline,DEdr17_bus_el,DEdr17_DEdr11_powerline,,,,,,,,,,,,,,,,,
LinearTransformer,DEdr17_DEdr11_powerline,DEdr17_DEdr11_powerline,DEdr11_bus_el,0.97,2686,,,,,,,,,,,,,,,
LinearTransformer,DEdr17_DEdr13_powerline,DEdr17_bus_el,DEdr17_DEdr13_powerline,,,,,,,,,,,,,,,,,
LinearTransformer,DEdr17_DEdr13_powerline,DEdr17_DEdr13_powerline,DEdr13_bus_el,0.97,4000,,,,,,,,,,,,,,,
LinearTransformer,DEdr17_DEdr16_powerline,DEdr17_bus_el,DEdr17_DEdr16_powerline,,,,,,,,,,,,,,,,,
LinearTransformer,DEdr17_DEdr16_powerline,DEdr17_DEdr16_powerline,DEdr16_bus_el,0.97,3465,,,,,,,,,,,,,,,
LinearTransformer,DEdr17_DEdr18_powerline,DEdr17_bus_el,DEdr17_DEdr18_powerline,,,,,,,,,,,,,,,,,
LinearTransformer,DEdr17_DEdr18_powerline,DEdr17_DEdr18_powerline,DEdr18_bus_el,0.97,5978,,,,,,,,,,,,,,,
LinearTransformer,DEdr18_AT_powerline,DEdr18_bus_el,DEdr18_AT_powerline,,,,,,,,,,,,,,,,,
LinearTransformer,DEdr18_AT_powerline,DEdr18_AT_powerline,AT_bus_el,0.97,5500,,,,,,,,,,,,,,,
LinearTransformer,DEdr18_DEdr10_powerline,DEdr18_bus_el,DEdr18_DEdr10_powerline,,,,,,,,,,,,,,,,,
LinearTransformer,DEdr18_DEdr10_powerline,DEdr18_DEdr10_powerline,DEdr10_bus_el,0.97,2685,,,,,,,,,,,,,,,
LinearTransformer,DEdr18_DEdr17_powerline,DEdr18_bus_el,DEdr18_DEdr17_powerline,,,,,,,,,,,,,,,,,
LinearTransformer,DEdr18_DEdr17_powerline,DEdr18_DEdr17_powerline,DEdr17_bus_el,0.97,5978,,,,,,,,,,,,,,,
LinearTransformer,DEdr19_DEdr01_powerline,DEdr19_bus_el,DEdr19_DEdr01_powerline,,,,,,,,,,,,,,,,,
LinearTransformer,DEdr19_DEdr01_powerline,DEdr19_DEdr01_powerline,DEdr01_bus_el,0.97,,,,,,,,,,,,,,,,
LinearTransformer,DEdr19_DK_powerline,DEdr19_bus_el,DEdr19_DK_powerline,,,,,,,,,,,,,,,,,
LinearTransformer,DEdr19_DK_powerline,DEdr19_DK_powerline,DK_bus_el,0.97,,,,,,,,,,,,,,,,
LinearTransformer,DEdr20_DEdr13_powerline,DEdr20_bus_el,DEdr20_DEdr13_powerline,,,,,,,,,,,,,,,,,
LinearTransformer,DEdr20_DEdr13_powerline,DEdr20_DEdr13_powerline,DEdr13_bus_el,0.97,,,,,,,,,,,,,,,,
LinearTransformer,DEdr21_DEdr14_powerline,DEdr21_bus_el,DEdr21_DEdr14_powerline,,,,,,,,,,,,,,,,,
LinearTransformer,DEdr21_DEdr14_powerline,DEdr21_DEdr14_powerline,DEdr14_bus_el,0.97,,,,,,,,,,,,,,,,
LinearTransformer,DK_DEdr01_powerline,DK_bus_el,DK_DEdr01_powerline,,,,,,,,,,,,,,,,,
LinearTransformer,DK_DEdr01_powerline,DK_DEdr01_powerline,DEdr01_bus_el,0.97,600,,,,,,,,,,,,,,,
LinearTransformer,DK_DEdr13_powerline,DK_bus_el,DK_DEdr13_powerline,,,,,,,,,,,,,,,,,
LinearTransformer,DK_DEdr13_powerline,DK_DEdr13_powerline,DEdr13_bus_el,0.97,3000,,,,,,,,,,,,,,,
LinearTransformer,DK_NO_powerline,DK_bus_el,DK_NO_powerline,,,,,,,,,,,,,,,,,
LinearTransformer,DK_NO_powerline,DK_NO_powerline,NO_bus_el,0.97,1700,,,,,,,,,,,,,,,
LinearTransformer,DK_SE_powerline,DK_bus_el,DK_SE_powerline,,,,,,,,,,,,,,,,,
LinearTransformer,DK_SE_powerline,DK_SE_powerline,SE_bus_el,0.97,2440,,,,,,,,,,,,,,,
LinearTransformer,FR_BE_powerline,FR_bus_el,FR_BE_powerline,,,,,,,,,,,,,,,,,
LinearTransformer,FR_BE_powerline,FR_BE_powerline,BE_bus_el,0.97,7600,,,,,,,,,,,,,,,
LinearTransformer,FR_CH_powerline,FR_bus_el,FR_CH_powerline,,,,,,,,,,,,,,,,,
LinearTransformer,FR_CH_powerline,FR_CH_powerline,CH_bus_el,0.97,9500,,,,,,,,,,,,,,,
LinearTransformer,FR_DEdr09_powerline,FR_bus_el,FR_DEdr09_powerline,,,,,,,,,,,,,,,,,
LinearTransformer,FR_DEdr09_powerline,FR_DEdr09_powerline,DEdr09_bus_el,0.97,7100,,,,,,,,,,,,,,,
LinearTransformer,FR_DEdr12_powerline,FR_bus_el,FR_DEdr12_powerline,,,,,,,,,,,,,,,,,
LinearTransformer,FR_DEdr12_powerline,FR_DEdr12_powerline,DEdr12_bus_el,0.97,1800,,,,,,,,,,,,,,,
LinearTransformer,LU_BE_powerline,LU_bus_el,LU_BE_powerline,,,,,,,,,,,,,,,,,
LinearTransformer,LU_BE_powerline,LU_BE_powerline,BE_bus_el,0.97,700,,,,,,,,,,,,,,,
LinearTransformer,LU_DEdr09_powerline,LU_bus_el,LU_DEdr09_powerline,,,,,,,,,,,,,,,,,
LinearTransformer,LU_DEdr09_powerline,LU_DEdr09_powerline,DEdr09_bus_el,0.97,2900,,,,,,,,,,,,,,,
LinearTransformer,NL_BE_powerline,NL_bus_el,NL_BE_powerline,,,,,,,,,,,,,,,,,
LinearTransformer,NL_BE_powerline,NL_BE_powerline,BE_bus_el,0.97,13500,,,,,,,,,,,,,,,
LinearTransformer,NL_DEdr06_powerline,NL_bus_el,NL_DEdr06_powerline,,,,,,,,,,,,,,,,,
LinearTransformer,NL_DEdr06_powerline,NL_DEdr06_powerline,DEdr06_bus_el,0.97,3550,,,,,,,,,,,,,,,
LinearTransformer,NL_DEdr08_powerline,NL_bus_el,NL_DEdr08_powerline,,,,,,,,,,,,,,,,,
LinearTransformer,NL_DEdr08_powerline,NL_DEdr08_powerline,DEdr08_bus_el,0.97,3550,,,,,,,,,,,,,,,
LinearTransformer,NL_DEdr14_powerline,NL_bus_el,NL_DEdr14_powerline,,,,,,,,,,,,,,,,,
LinearTransformer,NL_DEdr14_powerline,NL_DEdr14_powerline,DEdr14_bus_el,0.97,1400,,,,,,,,,,,,,,,
LinearTransformer,NL_NO_powerline,NL_bus_el,NL_NO_powerline,,,,,,,,,,,,,,,,,
LinearTransformer,NL_NO_powerline,NL_NO_powerline,NO_bus_el,0.97,14700,,,,,,,,,,,,,,,
LinearTransformer,NO_DEdr13_powerline,NO_bus_el,NO_DEdr13_powerline,,,,,,,,,,,,,,,,,
LinearTransformer,NO_DEdr13_powerline,NO_DEdr13_powerline,DEdr13_bus_el,0.97,10400,,,,,,,,,,,,,,,
LinearTransformer,NO_DK_powerline,NO_bus_el,NO_DK_powerline,,,,,,,,,,,,,,,,,
LinearTransformer,NO_DK_powerline,NO_DK_powerline,DK_bus_el,0.97,1700,,,,,,,,,,,,,,,
LinearTransformer,NO_NL_powerline,NO_bus_el,NO_NL_powerline,,,,,,,,,,,,,,,,,
LinearTransformer,NO_NL_powerline,NO_NL_powerline,NL_bus_el,0.97,14700,,,,,,,,,,,,,,,
LinearTransformer,NO_SE_powerline,NO_bus_el,NO_SE_powerline,,,,,,,,,,,,,,,,,
LinearTransformer,NO_SE_powerline,NO_SE_powerline,SE_bus_el,0.97,4098,,,,,,,,,,,,,,,
LinearTransformer,PL_CZ_powerline,PL_bus_el,PL_CZ_powerline,,,,,,,,,,,,,,,,,
LinearTransformer,PL_CZ_powerline,PL_CZ_powerline,CZ_bus_el,0.97,4100,,,,,,,,,,,,,,,
LinearTransformer,PL_DEdr01_powerline,PL_bus_el,PL_DEdr01_powerline,,,,,,,,,,,,,,,,,
LinearTransformer,PL_DEdr01_powerline,PL_DEdr01_powerline,DEdr01_bus_el,0.97,3400,,,,,,,,,,,,,,,
LinearTransformer,PL_DEdr04_powerline,PL_bus_el,PL_DEdr04_powerline,,,,,,,,,,,,,,,,,
LinearTransformer,PL_DEdr04_powerline,PL_DEdr04_powerline,DEdr04_bus_el,0.97,11700,,,,,,,,,,,,,,,
LinearTransformer,PL_SE_powerline,PL_bus_el,PL_SE_powerline,,,,,,,,,,,,,,,,,
LinearTransformer,PL_SE_powerline,PL_SE_powerline,SE_bus_el,0.97,600,,,,,,,,,,,,,,,
LinearTransformer,SE_DEdr01_powerline,SE_bus_el,SE_DEdr01_powerline,,,,,,,,,,,,,,,,,
LinearTransformer,SE_DEdr01_powerline,SE_DEdr01_powerline,DEdr01_bus_el,0.97,11000,,,,,,,,,,,,,,,
LinearTransformer,SE_DEdr13_powerline,SE_bus_el,SE_DEdr13_powerline,,,,,,,,,,,,,,,,,
LinearTransformer,SE_DEdr13_powerline,SE_DEdr13_powerline,DEdr13_bus_el,0.97,5200,,,,,,,,,,,,,,,
LinearTransformer,SE_DK_powerline,SE_bus_el,SE_DK_powerline,,,,,,,,,,,,,,,,,
LinearTransformer,SE_DK_powerline,SE_DK_powerline,DK_bus_el,0.97,2440,,,,,,,,,,,,,,,
LinearTransformer,SE_NO_powerline,SE_bus_el,SE_NO_powerline,,,,,,,,,,,,,,,,,
LinearTransformer,SE_NO_powerline,SE_NO_powerline,NO_bus_el,0.97,4098,,,,,,,,,,,,,,,
LinearTransformer,SE_PL_powerline,SE_bus_el,SE_PL_powerline,,,,,,,,,,,,,,,,,
LinearTransformer,SE_PL_powerline,SE_PL_powerline,PL_bus_el,0.97,600,,,,,,,,,,,,,,,
